-- phpMyAdmin SQL Dump
-- version 4.6.5.2
-- https://www.phpmyadmin.net/
--
-- Host: 127.0.0.1
-- Generation Time: 03-Abr-2018 às 04:17
-- Versão do servidor: 10.1.21-MariaDB
-- PHP Version: 5.6.30

SET SQL_MODE = "NO_AUTO_VALUE_ON_ZERO";
SET time_zone = "+00:00";


/*!40101 SET @OLD_CHARACTER_SET_CLIENT=@@CHARACTER_SET_CLIENT */;
/*!40101 SET @OLD_CHARACTER_SET_RESULTS=@@CHARACTER_SET_RESULTS */;
/*!40101 SET @OLD_COLLATION_CONNECTION=@@COLLATION_CONNECTION */;
/*!40101 SET NAMES utf8mb4 */;

--
-- Database: `tphe`
--
CREATE DATABASE tphe;

-- --------------------------------------------------------

--
-- Estrutura da tabela `categoria`
--

CREATE TABLE `categoria` (
  `ID_CATEGORIA` int(11) NOT NULL,
  `DESCRICAO` varchar(45) NOT NULL,
  `MENU_PAI` int(11) DEFAULT NULL
) ENGINE=InnoDB DEFAULT CHARSET=utf8 ROW_FORMAT=COMPACT;

--
-- Extraindo dados da tabela `categoria`
--

INSERT INTO `categoria` (`ID_CATEGORIA`, `DESCRICAO`, `MENU_PAI`) VALUES
(1, 'Futebol/Futsal', 1),
(2, 'Voleibol', NULL),
(3, 'Handebol', NULL),
(4, 'Atividade Física e Saúde', NULL),
(5, 'Atletismo', NULL),
(6, 'Basquete', NULL);

-- --------------------------------------------------------

--
-- Estrutura da tabela `disciplina`
--

CREATE TABLE `disciplina` (
  `ID_DISCIPLINA` int(11) NOT NULL,
  `NOME` varchar(45) DEFAULT NULL
) ENGINE=InnoDB DEFAULT CHARSET=utf8 ROW_FORMAT=COMPACT;

--
-- Extraindo dados da tabela `disciplina`
--

INSERT INTO `disciplina` (`ID_DISCIPLINA`, `NOME`) VALUES
(1, 'Educação Física');

-- --------------------------------------------------------

--
-- Estrutura da tabela `imagem`
--

CREATE TABLE `imagem` (
  `ID_IMAGEM` int(11) NOT NULL,
  `NOME` varchar(50) CHARACTER SET utf8mb4 NOT NULL,
  `DATA` datetime NOT NULL,
  `ID_CATEGORIA` int(11) NOT NULL
) ENGINE=InnoDB DEFAULT CHARSET=utf8 ROW_FORMAT=COMPACT;

-- --------------------------------------------------------

--
-- Estrutura da tabela `melhorias`
--

CREATE TABLE `melhorias` (
  `ID_MELHORIA` int(11) NOT NULL,
  `DESCRICAO` varchar(500) NOT NULL,
  `EMAIL` varchar(50) NOT NULL,
  `DT_SOLICITACAO` datetime NOT NULL,
  `DT_ATUALIZACAO` datetime DEFAULT NULL,
  `SITUACAO` char(1) NOT NULL,
  `ID_USUARIO` int(11) NOT NULL
) ENGINE=InnoDB DEFAULT CHARSET=utf8 ROW_FORMAT=COMPACT;

-- --------------------------------------------------------

--
-- Estrutura da tabela `memoria`
--

CREATE TABLE `memoria` (
  `ID_MEMORIA` int(11) NOT NULL,
  `DESCRICAO` varchar(45) CHARACTER SET utf8mb4 NOT NULL,
  `DT_INICIO` datetime NOT NULL,
  `DT_FIM` datetime NOT NULL,
  `PUBLICACAO` char(1) CHARACTER SET utf8mb4 NOT NULL,
  `ID_USUARIO` int(11) NOT NULL
) ENGINE=InnoDB DEFAULT CHARSET=utf8 ROW_FORMAT=COMPACT;

-- --------------------------------------------------------

--
-- Estrutura da tabela `memoria_imagem`
--

CREATE TABLE `memoria_imagem` (
  `ID_MEMORIA_IMAGEM` int(11) NOT NULL,
  `ID_MEMORIA` int(11) NOT NULL,
  `ID_IMAGEM` int(11) NOT NULL
) ENGINE=InnoDB DEFAULT CHARSET=utf8 ROW_FORMAT=COMPACT;

-- --------------------------------------------------------

--
-- Estrutura da tabela `pergunta`
--

CREATE TABLE `pergunta` (
  `ID_PERGUNTA` int(11) NOT NULL,
  `DESCRICAO` varchar(200) DEFAULT NULL,
  `PONTUACAO` decimal(3,2) NOT NULL,
  `ID_DISCIPLINA` int(11) NOT NULL,
  `ID_CATEGORIA` int(11) NOT NULL,
  `ID_USUARIO` int(11) NOT NULL
) ENGINE=InnoDB DEFAULT CHARSET=utf8 ROW_FORMAT=COMPACT;

--
-- Extraindo dados da tabela `pergunta`
--

INSERT INTO `pergunta` (`ID_PERGUNTA`, `DESCRICAO`, `PONTUACAO`, `ID_DISCIPLINA`, `ID_CATEGORIA`, `ID_USUARIO`) VALUES
(10, 'Quantos jogadores participam de um jogo de voleibol?', '0.50', 1, 2, 2),
(11, 'Qual a pontuação mínima necessária para que uma equipe de voleibol ganhe um set, exceto o tie-brake?', '0.50', 1, 2, 2),
(12, 'Qual o número mínimo de jogadores necessário para que uma equipe comece uma partida?', '0.50', 1, 2, 2),
(13, 'No momento do saque, qual das posições abaixo o líbero pode ficar sem estar infringindo a regra?', '0.50', 1, 2, 2),
(14, 'Qual a penalização se a sua equipe levou um cartão amarelo?', '0.50', 1, 2, 2),
(15, 'Qual a altura da rede adulta masculina?', '0.50', 1, 2, 2),
(16, 'Qual o limite de substituições que uma equipe de voleibol pode realizar em cada set?', '0.50', 1, 2, 2),
(17, 'Quantos pedidos de tempo uma equipe pode solicitar em cada set?', '0.50', 1, 2, 2),
(18, 'Qual o limite de tempo para a reaização de um saque?', '0.50', 1, 2, 2),
(19, ' Em relação a rotação, o jogador que estivr na posição 1, após a sua equipe tiver rodado, irá para qual posição da quadra?', '0.50', 1, 2, 2),
(20, 'O jogador que estiver na posição 4 se relaciona com quais jogadores para que não aconteça uma violação da regra?', '0.50', 1, 2, 2),
(21, 'Quais as dimensões de uma quadra de voleibol?', '0.50', 1, 2, 2),
(22, 'Após a bola tocar no bloqueio, quantos toques no máximo sua equipe pode dar na bola para jogar para quadra adversária, sem que aconteça uma falta?', '0.50', 1, 2, 2),
(23, 'Qual o tamanho da zona de saque?', '0.50', 1, 2, 2),
(24, 'Qual das afirmativas abaixo é falsa?', '0.50', 1, 2, 2),
(25, 'Antes do início de uma partida, é realizado um sorteio entre os capitães das equipes. Neste sorteio o capitão pode escolher...', '0.50', 1, 2, 2),
(26, 'Quando a bola é retida demasiadamente durante um toque estamos nos referindo a uma violação no voleibol chamada:', '0.50', 1, 2, 2),
(27, 'Em uma partida oficial de voleibol existem 7 arbitros, destes, quantos podem utilizar o apito durante uma partida?', '0.50', 1, 2, 2),
(28, 'Após o termino de qual set, não há necessariamnte a obrigação de mudar o lado da quadra em uma partida de voleibol? ', '0.50', 1, 2, 2),
(29, 'Qual das ações citadas abaixo não pode ser realizada com o pé em uma partida de voleibol?', '0.50', 1, 2, 2),
(30, 'Qual o nome da posição do atleta responsável por distribuir o jogo em uma partida de voleibol?', '0.50', 1, 2, 2),
(31, 'No sistema 4x2 simples, ou 4x2 pelo meio, o levantador joga preferencialmente por qual posição?', '0.50', 1, 2, 2),
(32, 'Usualmente no sistema tático 5x1 existem quantos meios de rede?', '0.50', 1, 2, 2),
(33, 'Simples, duplo e triplo são exemplos de qual fundamento do voleibol?', '0.50', 1, 2, 2),
(34, 'Fundamento que prioritariamente deve ser realizado pelo levantador na distribuição do jogo?', '0.50', 1, 2, 2),
(35, 'Em qual dos sistema táticos abaixo do voleibol, teremos sempre três atacantes na rede?', '0.50', 1, 2, 2),
(36, 'Qual jogador em uma equipe de voleibol, tem como função ter que bloquear os ataques da equipe adversária?', '0.50', 1, 2, 2),
(37, 'Jornada nas estrelas e viagem ao fundo do mar, são exemplos de qual fundamento do voleibol?', '0.50', 1, 2, 2),
(38, 'Um jogador pode executar bloqueio sem estar cometendo uma falta, estando em qual das posições abaixo no início de um rally ?', '0.50', 1, 2, 2),
(39, 'No sistema tático 4x2 ponta, o levantador faz sua função preferencialmente por qual posição?', '0.50', 1, 2, 2),
(40, 'A inversão do sistema tático 5x1 é realizado na grande maioria das vezes quando...', '0.50', 1, 2, 2),
(41, 'Qual o principal motivo da realização da inversão do 5x1?', '0.50', 1, 2, 2),
(42, 'O líbero é o jogador que deve ter como melhor fundamento...', '0.50', 1, 2, 2),
(43, 'Qual jogador em uma equipe de voleibol deve ter um fardamento diferente dos demais atletas?', '0.50', 1, 2, 2),
(44, 'Em uma partida de voleibol, qual o fundamento é geralmente o mais utilizado para receber um saque?', '0.50', 1, 2, 2),
(45, 'Qual o tipo de bola mais característico para um meio de rede atacar?', '0.50', 1, 2, 2),
(46, 'Na grande maioria das vezes, como o levantador executa o levantamento para o saída de rede?', '0.50', 1, 2, 2),
(47, 'Quando acontece uma tentativa de bloqueio duplo, quantos jogadores ficam responsaveis pela defesa de uma possivel largada do atacante?', '0.50', 1, 2, 2),
(48, 'No sistema tático 5x1, qual dos atacantes, na maioria das vezes, fica mais distante do levantador?', '0.50', 1, 2, 2),
(49, 'Quando o levantador está na rede, zona da frente, quantos atacantes na zona da frente existem na equipe?', '0.50', 1, 2, 2),
(50, 'Em que ano foi criado o voleibol?', '0.50', 1, 2, 2),
(51, 'Quem foi o criador do voleibol?', '0.50', 1, 2, 2),
(52, 'Logo que foi criado, como o voleibol era chamado?', '0.50', 1, 2, 2),
(53, 'Em qual lugar foi criado o Voleibol?', '0.50', 1, 2, 2),
(54, 'Qual o princípal objeto na criação do voleibol?', '0.50', 1, 2, 2),
(55, 'Qual o principal objetivo do jogo de voleibol?', '0.50', 1, 2, 2),
(56, 'Em qual estado Americano foi inventado o voleibol?', '0.50', 1, 2, 2),
(57, 'É possivel afirmar, em uma partida de voleibol que:', '0.50', 1, 2, 2),
(58, 'Qual das ações abaixo não é permitida em uma partida de voleibol?', '0.50', 1, 2, 2),
(59, 'Após um ataque do time A, o time B pode defender a bola utilizando qual desses recursos?', '0.50', 1, 2, 2),
(60, 'Após um ataque do time A, o time B não pode defender a bola utilizando qual desses recursos?', '0.50', 1, 2, 2),
(61, 'Após a bola tocar em um jogador da equipe A em um bloqueio duplo, qual atleta da mesma equipe pode tocar na bola?', '0.50', 1, 2, 2),
(62, 'O jogador que estiver na posição 1 se relaciona com quais jogadores para que não aconteça uma violação da regra?', '0.50', 1, 2, 2),
(63, 'O jogador que estiver na posição 3 se relaciona com quais jogadores para que não aconteça uma violação da regra?', '0.50', 1, 2, 2),
(64, 'O jogador que estiver na posição 6 se relaciona com quais jogadores para que não aconteça uma violação da regra?', '0.50', 1, 2, 2),
(65, 'Se o jogador está na posição 1 e quer realizar uma manchete para a posição 3, a perna direita deve estar posicionada...', '0.50', 1, 2, 2),
(66, 'Se uma partida de voleibol está empatada em 34x34, qual a pontuação mínima para alguma das equipes ganhar este set?', '0.50', 1, 2, 2),
(67, 'Se uma partida de voleibol está empatada no tie-brake em 23x23, qual a pontuação mínima para alguma das equipes ganhar este set?', '0.50', 1, 2, 2),
(68, 'Se uma partida de voleibol está empatada no 1o set em 23x23, qual a pontuação mínima para alguma das equipes ganhar este set?', '0.50', 1, 2, 2),
(69, 'Qual a ação inicia uma partida de voleibol?', '0.50', 1, 2, 2),
(70, 'Qual a altura da rede adulta feminina?', '0.50', 1, 2, 2),
(71, 'Quantas substituições cada equipe pode fazer entre o 1 e 2 set?', '0.50', 1, 2, 2),
(72, 'Quantas vezes o líbero pode entrar em quadra em cada set?', '0.50', 1, 2, 2),
(73, 'Cruzada, lateral e mista, são exemplos de passadas de qual fundamento do voleibol?', '0.50', 1, 2, 2),
(74, 'Corrida de aproximação, frenagem, suspensão, batida na bola e queda são as fases de qual fundamento do voleibol?', '0.50', 1, 2, 2),
(75, 'Qual o jogador, usualmente, utiliza passadas cruzadas pra realizar um bloqueio?', '0.50', 1, 2, 2),
(76, 'Qual a mecânica no movimento do bloqueio ofensivo?', '0.50', 1, 2, 2),
(77, 'Após a realização do saque da equipe A, é correto afirmar que os jogadores que estão nas posições 2, 3 e 4 da mesma equipe, fiquem atentos para realizar qual fundamento?', '0.50', 1, 2, 2),
(78, 'No sistema tático 4x2 simples, ou 4x2 pelo meio...', '0.50', 1, 2, 2),
(79, 'No sistema tático 5x1 existem quantos levantadores na equipe?', '0.50', 1, 2, 2),
(80, 'No sistema tático 4x2 pela ponta, se um levantador na formação inicial está na posição 2, o outro deve estar em qual posição?', '0.50', 1, 2, 2),
(81, 'No sistema tático 5x1, quais os jogadores na grande maioria das vezes, ficam responsáveis pela recepção do passe?', '0.50', 1, 2, 2),
(82, 'Se o jogador está na posição 5 e quer realizar uma manchete para a posição 3, a perna direita deve estar posicionada...', '0.50', 1, 2, 2),
(83, 'Se um jogador ataca a bola pela saída de rede na paralela, a bola foi em direção a qual posição da quadra adversária?', '0.50', 1, 2, 2),
(84, 'Em uma partida de voleibol, qual a duração do tempo de descanso?', '0.50', 1, 2, 2),
(85, 'Em uma partida de voleibol, qual a duração dos tempos tecnicos?', '0.50', 1, 2, 2),
(86, 'Quantos tempos técnicos existem no tie-brake?', '0.50', 1, 2, 2),
(87, 'Qual o jogador, usualmente, utiliza passadas laterais pra realizar um bloqueio?', '0.50', 1, 2, 2),
(88, 'Qual objeto limita o espaço de cruzamento da bola de um lado da quadra para o outro?', '0.50', 1, 2, 2),
(89, 'Qual a mecânica no movimento do bloqueio defensivo?', '0.50', 1, 2, 2),
(90, 'É permitido a bola tocar em alguma parte das antenas?', '0.50', 1, 2, 2),
(91, 'Após a bola ser lançada pelo sacador....', '0.50', 1, 2, 2),
(92, 'Em relação ao toque na rede...', '0.50', 1, 2, 2),
(93, 'Se um jogador recebe um cartão vermelho em uma patida de voleibol, o que acontece com ele e a sua equipe?', '0.50', 1, 2, 2),
(94, 'Se um jogador recebe cartão amarelo e vermelho, estando os dois juntos nas mãos do árbitro, o que acontece com ele e a sua equipe?', '0.50', 1, 2, 2),
(95, 'Se um jogador recebe cartão amarelo e vermelho, estando estes em mãos separadas do árbitro, o que acontece com ele e a sua equipe?', '0.50', 1, 2, 2),
(96, 'Após o líbero sair da quadra...', '0.50', 1, 2, 2),
(97, 'No futebol, o capitão é identificado através de uma braçadeira, já no vôlei, como o capitão é identificado?', '0.50', 1, 2, 2),
(98, 'Quando jogadores de equipes opostas tocam simultaneamente na rede, o que deve ser marcado pela arbitragem?', '0.50', 1, 2, 2),
(99, 'Quando um jogador ao invés de atacar a bola com força, joga-a suavemente para a quadra adversária com a ponta dos dedos, qual o nome que damos a este movimento?', '0.50', 1, 2, 2),
(100, 'O peixinho é um fundamento de defesa utilizado na grande maioria das vezes após qual ação da equipe adversária?', '0.50', 1, 2, 2),
(101, 'Quando o capitão da equipe é substituído, quem será o novo capitão da equipe?', '0.50', 1, 2, 2),
(102, 'Quando o jogador que está na posição 6, é expressamente proibido...', '0.50', 1, 2, 2),
(103, 'Nos sistemas táticos mais avançados, existe algo que chamamos de infiltração. O que seria isso?', '0.50', 1, 2, 2),
(104, 'A bola de segunda, na maioria da vezes realizada pelo levantador, pode acontecer quando ele está em qual posição da quadra?', '0.50', 1, 2, 2),
(105, 'A quadra de voleibol é limitada no chão pelas linhas. Sendo assim, se a bola toca na linha ela é considerada...', '0.50', 1, 2, 2),
(106, 'O jogador da equipe A pode passar para o lado oposto da rede, em direção a equipe B, em alguma situação do jogo?', '0.50', 1, 2, 2),
(107, 'Quantas medalhas de ouro o Brasil já ganhou no voleibol?', '0.50', 1, 2, 2),
(108, 'O último campeão mundial de clubes, no voleibol, é um representante de qual país?', '0.50', 1, 2, 2),
(109, 'Quantas medalhas olímpicas Bernardinho tem como treinador de voleibol?', '0.50', 1, 2, 2),
(110, 'Qual a medida oficial de uma quadra de handebol?', '0.50', 1, 3, 2),
(111, 'Sobre as linhas da quadra de handebol é correto afirmar que, com exceção da linha de gol que mede 8cm, todas as demais linhas medem:', '0.50', 1, 3, 2),
(112, 'A zona de substituição da quadra de handebol se estende a uma distância de:', '0.50', 1, 3, 2),
(113, 'Em relação a linha de 7 metros da quadra de handebol é correto afirmar que:', '0.50', 1, 3, 2),
(114, 'Qual a distância entre a linha da área do gol até a baliza na quadra de handebol?', '0.50', 1, 3, 2),
(115, 'Em relação a linha de 9 metros da quadra de handebol é incorreto afirmar que:', '0.50', 1, 3, 2),
(116, 'No handebol um time-out é obrigatório exceto quando:', '0.50', 1, 3, 2),
(117, 'Qual é o número máximo de oficias permitidos na equipe técnica de uma equipe de handebol? ', '0.50', 1, 3, 2),
(118, 'Em uma partida de handebol, cada equipe tem o direito de solicitar quantos tempos técnicos?', '0.50', 1, 3, 2),
(119, 'Uma falta de substituição em uma partida de handebol deverá ser penalizada com:', '0.50', 1, 3, 2),
(120, 'As camisas do uniforme de handebol devem conter números visíveis que meçam, pelo menos:', '0.50', 1, 3, 2),
(121, 'A numeração utilizados na camisa de handebol deverá ser de:', '0.50', 1, 3, 2),
(122, 'Quando um jogador de linha entrar na área de gol deve-se tomar as seguintes decisões, exceto: ', '0.50', 1, 3, 2),
(123, 'Durante o jogo de handebol não é permitido ao jogador de linha: ', '0.50', 1, 3, 2),
(124, ' No mínimo quantas bolas devem estar disponíveis para que uma partida de handebol seja realizada?', '0.50', 1, 3, 2),
(125, 'Na cobramça de um tiro de lateral ou tiro livre do handebol, qual a distância que os jogadores adversários devem ficar?', '0.50', 1, 3, 2),
(126, 'A equipe de arbitragem de uma partida de handebol é composta por:', '0.50', 1, 3, 2),
(127, 'Qual a duração de partida tem o handebol ? ', '0.50', 1, 3, 2),
(128, 'Em uma partida de handebol, quantas subtituições são permitidas?', '0.50', 1, 3, 2),
(129, 'Qual o sistema de jogo de handebol mais utilizado em equipes escolares?', '0.50', 1, 3, 2),
(130, 'Quando um jogador de linha passa a bola para o seu próprio goleiro dentro da área de gol do handebol, é cobrado um:', '0.50', 1, 3, 2),
(131, 'Em algumas situações o jogo de handebol é reiniciado com um Tiro de Árbitro, exceto quando:', '0.50', 1, 3, 2),
(132, 'Em relação a cobrança de lateral no handebol é correto afirmar que:', '0.50', 1, 3, 2),
(133, 'É permitido ao goleiro de handebol:', '0.50', 1, 3, 2),
(134, 'O movimento de bater a bola contra o solo com uma das mãos estando o jogador parado ou em movimento, refere-se ao conceito de qual dos seguintes fudamentos de handebol?', '0.50', 1, 3, 2),
(135, 'Qual o número máximo de passos que um jogador pode dar com a bola na mão num jogo de handebol?', '0.50', 1, 3, 2),
(136, 'Quando a bola estiver rolando ou parada na área de gol do handebol, somente o(os) ____________ pode(em) pegá-la.', '0.50', 1, 3, 2),
(137, 'Quando um jogador de handebol lança a bola para dentro de sua própria área de gol, é incorreto afirmar que será:', '0.50', 1, 3, 2),
(138, 'Em relação ao manejo da bola do handebol não é permitido:', '0.50', 1, 3, 2),
(139, 'Ao analisar uma infração durante um jogo de handebol, não aplica-se o seguinte critério de tomada de decisão:', '0.50', 1, 3, 2),
(140, 'A parte do corpo contra a qual é dirigida a ação ilegal.', '0.50', 1, 3, 2),
(141, 'No Handebol, quando, ao defender, o goleiro espalmar a bola para linha de fundo o árbitro indicará que deve ser feita a cobrança de:', '0.50', 1, 3, 2),
(142, 'Quando a bola for interceptada pela barreira e sair pela linha de fundo, o arbitro de handebol deverá assinalará a cobraça de:', '0.50', 1, 3, 2),
(143, 'Quando o arbitro de handebol sinalizar jogo passivo, de que maneira a bola será reposta em jogo?', '0.50', 1, 3, 2),
(144, 'Durante uma partida de handebol o que é considerado jogo passivo?', '0.50', 1, 3, 2),
(145, ' Num jogo de handebol um gol é considerado válido quando:', '0.50', 1, 3, 2),
(146, 'No ínicio de uma partida de handebol, o tiro de saída é executado pela equipe que:', '0.50', 1, 3, 2),
(147, 'Depois de se converter um gol, o jogo de handebol recomeça por meio de um tiro de saída executado pela equipe que:', '0.50', 1, 3, 2),
(148, 'O tiro de saída de handebol se executa para qual direção do centro da quadra de jogo?', '0.50', 1, 3, 2),
(149, 'A saída de bola do jogo de handebol é precedido por um apito que deve ser executado dentro de quantos segundos?', '0.50', 1, 3, 2),
(150, 'Como o jogador que realizar o tiro de saída no handebol deve se posicionar?', '0.50', 1, 3, 2),
(151, 'A quantos metros de distância os adversários devem estar do jogador executante do tiro de saída do handebol?', '0.50', 1, 3, 2),
(152, 'Qual o número minino de atletas em uma equipe que devem estar em quadra para que se possa iniciar uma partida de handebol?', '0.50', 1, 3, 2),
(153, 'Para que uma partida de handebol em andamento não seja suspensa, qual o número minino de atletas em quadra que podem restar em uma equipe?', '0.50', 1, 3, 2),
(154, 'Num jogo de handebol, um tiro lateral é concedido quando:', '0.50', 1, 3, 2),
(155, 'Em que lugar é cobrado o tiro lateral num jogo de handebol?', '0.50', 1, 3, 2),
(156, 'Qual a distância mínima de aproximação dos adversários enquanto o lateral está sendo cobrado numa partida de handebol?', '0.50', 1, 3, 2),
(157, 'Se um jogador da equipe atacante invadir a área de gol durante um jogo de handebol, violando a regra, será marcado:', '0.50', 1, 3, 2),
(158, 'O tiro de meta do handebol é cobrado pelo jogador de qual posição?', '0.50', 1, 3, 2),
(159, 'Um tiro de meta do handebol é considerado executado quando:', '0.50', 1, 3, 2),
(160, 'Em qual linha deve ser cobrado o tiro livre num jogo de handebol?', '0.50', 1, 3, 2),
(161, 'Em qual destas situações em um jogo de handebol NÃO será marcado o tiro livre?', '0.50', 1, 3, 2),
(162, 'No handebol, quando um tiro livre for executado, os adversários devem manter uma distância de pelo menos?', '0.50', 1, 3, 2),
(163, 'Em qual destas situações NÃO será marcado o tiro de 7 metros num jogo de handebol?', '0.50', 1, 3, 2),
(164, 'Após o apito do arbitro, quantos segundo um jogador tem para executar um tiro de 7 metros durante uma partida de handebol?', '0.50', 1, 3, 2),
(165, 'Durante a execução de  um tiro de 7 metros num jogo de handebol, como os companheiros do executante devem se posicionar?', '0.50', 1, 3, 2),
(166, 'O que acontece se o goleiro de handebol cruzar a linha de limitação (linha dos 4 metros), durante a execução do tiro de 7 metros?', '0.50', 1, 3, 2),
(167, 'Obrigatóriamente, o árbitro deve apitar para reiniciar o jogo de handebol quando:', '0.50', 1, 3, 2),
(168, 'Quando um membro da comissão técnica de handebol ou algum atleta do banco de reservas for desqualificado da partida é correto afirmar que este sairá da quadra durante', '0.50', 1, 3, 2),
(169, 'Um atleta de handebol receberá até quantas advertências (cartão amarelo)?', '0.50', 1, 3, 2),
(170, 'Quanto tempo dura a exclusão de um jogador de handebol?', '0.50', 1, 3, 2),
(171, 'Após quantas exclusões de 2 minutos, um jogador é desqualificado de uma partida de handebol?', '0.50', 1, 3, 2),
(172, 'A comissão de arbitragem de handebol é composta por:', '0.50', 1, 3, 2),
(173, 'Qual a cor do uniforme preferencialmente reservado aos árbitros de handebol?', '0.50', 1, 3, 2),
(174, 'O handebol surgiu em qual país?', '0.50', 1, 3, 2),
(175, 'Em qual edição dos Jogos Olímpicos o handebol foi incluído?', '0.50', 1, 3, 2),
(176, 'Quantas medalhas olímpicas tem o Brasil no handebol?', '0.50', 1, 3, 2),
(177, 'Qual o nome oficial da federação internacional do handebol?', '0.50', 1, 3, 2),
(178, 'Em que ano foi criado o handebol?', '0.50', 1, 3, 2),
(179, 'Qual o nome do professor alemão que criou o handebol?', '0.50', 1, 3, 2),
(180, 'Qual o jogador de handebol é considerado o “coringa” do time no ataque, se posiciona entre as linhas de 6m e 9m e tem como objetivo abrir espaço na defesa adversária?', '0.50', 1, 3, 2),
(181, 'Este jogador deve ter a habilidade e o raciocínio rápido para observar se algum companheiro de time se encontra em uma posição de contra-ataque, fazendo assim o lançamento que deve ser rápido e certei', '0.50', 1, 3, 2),
(182, 'Qual jogador geralmente possue os mais fortes arremessos e é o mais alto do time de handebol, durante  o ataque é mais periogosos, pois os arremessos costumam partir dele ou de outro jogador o qual te', '0.50', 1, 3, 2),
(183, ' São  Jogadores velozes e ageis e devem possuir a capacidade de arremessar em ângulos fechados. Estas são caracteristicas de qual posição do handebol?', '0.50', 1, 3, 2),
(184, 'Este é geralmente o mais experiente jogador do time, deve saber arremesar com força e ter um grande repertório de passes. Deve possuir grande visão de jogo para se adaptar as mudanças na defesa advers', '0.50', 1, 3, 2),
(185, 'Qual das alternativas não refere-se a posição de um jogador de handebol?', '0.50', 1, 3, 2),
(186, 'Qual o principal tipo de passe utilizado no jogo de handebol?', '0.50', 1, 3, 2),
(187, 'A ação de enviar a bola ao companheiro de forma que ele consiga recebê-la para executar outra ação, recebe o nome de?', '0.50', 1, 3, 2),
(188, 'A ação de receber a bola, amortecer e reter a bola de forma adequada, recebe o nome de?', '0.50', 1, 3, 2),
(189, 'A forma de segurar a bola do handebol com uma das mãos, recebe o nome de?', '0.50', 1, 3, 2),
(190, 'O fundamento de handebol realizado sempre em direção à meta adversária, na tentativa de realizar o gol, recebe o nome de?', '0.50', 1, 3, 2),
(191, 'As formas utilizadas para se deslocar na quadra durante o jogo, quando se está de posse da bola, recebem o nome de?', '0.50', 1, 3, 2),
(192, 'O movimento de bater a bola contra o solo com uma das mãos estando o jogador parado ou em movimento, recebe o nome de?', '0.50', 1, 3, 2),
(193, 'As mudanças de direção realizadas pelo jogador atacante que está de posse de bola, recebem o nome de?', '0.50', 1, 3, 2),
(194, 'Em relação as três passadas do handebol, o atleta  que for destro começará suas passadas de que maneira?', '0.50', 1, 3, 2),
(195, 'Qual dos itens não se refere a um tipo de arremesso no handebol?', '0.50', 1, 3, 2),
(196, 'Qual dos itens NÃO é considerado um erro na realização do fundamento de recepção do handebol?', '0.50', 1, 3, 2),
(197, ' Não é considerado um erro comum na realização do passe de ombro do handebol:', '0.50', 1, 3, 2),
(198, 'Quantos passos um jogador pode dar estando driblando a bola numa partida de handebol?', '0.50', 1, 3, 2),
(199, ' O que significa a expressão \"dobrar\" no handebol?', '0.50', 1, 3, 2),
(200, ' Não é uma habilidade fundamental para uma boa recepção da bola de handebol:', '0.50', 1, 3, 2),
(201, ' Em relação ao passe de ombro do handebol, é incorreto afirmar: ', '0.50', 1, 3, 2),
(202, ' São consideradas tipos de recepções do handebol:', '0.50', 1, 3, 2),
(203, ' É uma caracteristica do arremesso em suspensão do handebol:', '0.50', 1, 3, 2),
(204, ' Qual dos arremessos abaixos é o mais utilizado nas cobranças de 7 metros do handebol?', '0.50', 1, 3, 2),
(205, ' Qual o melhor jogador de handebol do século XX?', '0.50', 1, 3, 2),
(206, 'Qual o principal objetivo do handebol?', '0.50', 1, 3, 2),
(207, 'País com maior número de jogadores masculinos de handebol eleitos como o melhor do ano', '0.50', 1, 3, 2),
(208, 'Melhor jogadora de handebol de 2014?', '0.50', 1, 3, 2),
(209, 'Qual dos ossos abaixo faz parte do membro superior?', '0.50', 1, 4, 2),
(210, 'Indique qual dos ossos abaixo não compõem a cintura pélvica.', '0.50', 1, 4, 2),
(211, 'Qual das alternativas abaixo representa uma função da caixa torácica?', '0.50', 1, 4, 2),
(212, 'Indique qual das alternativas não é o nome de um osso do corpo humano.', '0.50', 1, 4, 2),
(213, 'Quantos ossos possuem o corpo humano?', '0.50', 1, 4, 2),
(214, 'Indique qual das alternativas abaixo não corresponde a uma parte da coluna vertebral.', '0.50', 1, 4, 2),
(215, 'Quantas vértebras é composta a região cervical?', '0.50', 1, 4, 2),
(216, 'Quantas vértebras é composta a região torácica?', '0.50', 1, 4, 2),
(217, 'Quantas vértebras é composta a região lombar?', '0.50', 1, 4, 2),
(218, ' Em quantas regiões está dividida a coluna vertebral?', '0.50', 1, 4, 2),
(219, ' Quais são os nomes das regiões mais inferiores da coluna vertebral?', '0.50', 1, 4, 2),
(220, ' Qual das alternativas abaixo não representa uma função da coluna vertebral?', '0.50', 1, 4, 2),
(221, ' Tendo em conta os desvios posturais, indique qual alternativa apresenta a definição incorreta.', '0.50', 1, 4, 2),
(222, ' Indique qual dos ossos não faz parte dos membros inferiores.', '0.50', 1, 4, 2),
(223, ' Qual das alternativas abaixo não corresponde ao nome de um músculo?', '0.50', 1, 4, 2),
(224, ' Qual dos músculos abaixo está situado na região do tronco?', '0.50', 1, 4, 2),
(225, ' Indique a alternativa que melhor define a função dos músculos esqueléticos', '0.50', 1, 4, 2),
(226, ' Qual dos músculos abaixo está predominantemente envolvido no movimento do chute no futebol?', '0.50', 1, 4, 2),
(227, 'Apenas uma das alternativas abaixo não corresponde a função da musculatura esquelética.', '0.50', 1, 4, 2),
(228, ' O exercício denominado \"Desenvolvimento\" na musculação, trabalha prioritariamente qual musculatura?', '0.50', 1, 4, 2),
(229, 'O exercício denominado \"Crucifixo\" na musculação, trabalha prioritariamente qual musculatura?', '0.50', 1, 4, 2),
(230, 'O exercício denominado \"Afundo\" na musculação, trabalha prioritariamente qual musculatura?', '0.50', 1, 4, 2),
(231, 'O exercício denominado \"Remada\" na musculação, trabalha prioritariamente qual musculatura?', '0.50', 1, 4, 2),
(232, 'O exercício denominado \"Rosca Concentrada\" na musculação, trabalha prioritariamente qual musculatura?', '0.50', 1, 4, 2),
(233, 'O exercício denominado \"Barra fixa\" na musculação, trabalha prioritariamente qual musculatura?', '0.50', 1, 4, 2),
(234, 'O exercício denominado \"Mesa Flexora\" na musculação, trabalha prioritariamente qual musculatura?', '0.50', 1, 4, 2),
(235, 'O exercício denominado \"Rosca Francesa\" na musculação, trabalha prioritariamente qual musculatura?', '0.50', 1, 4, 2),
(236, 'O exercício denominado \"Elevação de Pernas\" na musculação, trabalha prioritariamente qual musculatura?', '0.50', 1, 4, 2),
(237, 'O exercício denominado \"Martelo\" na musculação, trabalha prioritariamente qual musculatura?', '0.50', 1, 4, 2),
(238, 'O exercício denominado \"Puxada a Frente\" na musculação, trabalha prioritariamente qual musculatura?', '0.50', 1, 4, 2),
(239, 'Qual das alternativas abaixo não corresponde a um músculo que compõem o Quadríceps?', '0.50', 1, 4, 2),
(240, 'Em quantas porções está dividido o Trapézio?', '0.50', 1, 4, 2),
(241, 'Em quantas porções está dividido o Deltóide?', '0.50', 1, 4, 2),
(242, 'Em qual parte do corpo está localizado o músculo Gastrocnêmio?', '0.50', 1, 4, 2),
(243, 'O exercício denominado \"Crossover\" na musculação, trabalha prioritariamente qual musculatura?', '0.50', 1, 4, 2),
(244, 'O exercício denominado \"Cadeira Extensora\" na musculação, trabalha prioritariamente qual musculatura?', '0.50', 1, 4, 2),
(245, 'O exercício denominado \"Elevação Frontal\" na musculação, trabalha prioritariamente qual musculatura?', '0.50', 1, 4, 2),
(246, 'O exercício denominado \"Kick Back\" na musculação, trabalha prioritariamente qual musculatura?', '0.50', 1, 4, 2),
(247, 'O exercício denominado \"Crucifixo Inverso\" na musculação, trabalha prioritariamente qual musculatura?', '0.50', 1, 4, 2),
(248, 'O exercício denominado \"Elevação Pélvica\" na musculação, trabalha prioritariamente qual musculatura?', '0.50', 1, 4, 2),
(249, 'O exercício denominado \"Supino\" na musculação, trabalha prioritariamente qual musculatura?', '0.50', 1, 4, 2),
(250, 'O exercício denominado \"Agachamento\" na musculação, trabalha prioritariamente qual musculatura?', '0.50', 1, 4, 2),
(251, 'Qual das alternativas a seguir não correponde a um tipo de classificação de osso?', '0.50', 1, 4, 2),
(252, 'Qual a formação do esqueleto apendicular?', '0.50', 1, 4, 2),
(253, '\" É toda estrutura anatômica em que dois ou mais ossos estão em contato.\" Essa é a definição de:', '0.50', 1, 4, 2),
(254, 'Qual das alternativas a seguir não é um exemplo de articulação?', '0.50', 1, 4, 2),
(255, 'Como poderíamos definir de forma simples e clara o significado de capacides físicas?', '0.50', 1, 4, 2),
(256, 'Qual das alternativas não corresponde a uma capacidade física?', '0.50', 1, 4, 2),
(257, 'Qual a melhor definição para flexibilidade?', '0.50', 1, 4, 2),
(258, 'Qual das repsostas corresponde a um tipo de capacidade física de resistência?', '0.50', 1, 4, 2),
(259, 'Como podemos classificar os tipos de velocidade?', '0.50', 1, 4, 2),
(260, 'Qual das allternativas abaixo corresponde a uma capacidade física?', '0.50', 1, 4, 2),
(261, 'Qual a diferença entre Flexibilidade e Alongamento?', '0.50', 1, 4, 2),
(262, 'Qual a diferença entre Resistência Aeróbica e Aneróbica?', '0.50', 1, 4, 2),
(263, 'A frase \"Cada pessoa apresenta características genéticas particulares, tornando o treino igualmente particular\" está se referindo a qual princípio de treino?', '0.50', 1, 4, 2),
(264, 'A frase \"Após algumas semanas de treino já não sinto as dores que sentia quando terminava a sessão de treino \" está se referindo a qual princípio de treino?', '0.50', 1, 4, 2),
(265, 'A frase \"Os objetivos de cada pessoa são diferentes, logo seu treino também deve ser\" está se referindo a qual princípio de treino?', '0.50', 1, 4, 2),
(266, 'A frase \"Para aprimorar as capacidades físicas é importante ir além dos estímulos que o corpo está habituado\" está se referindo a qual princípio de treino?', '0.50', 1, 4, 2),
(267, 'A frase \"Pausas frequentes e muito longas no treino dificultam o processo de desenvolvimento das capacidades físicas\" está se referindo a qual princípio de treino?', '0.50', 1, 4, 2),
(268, 'Qual das alternativas não corresponde a um princípio do treinamento?', '0.50', 1, 4, 2),
(269, 'Qual resposta corresponde a uma função do processo de transpiração do nosso organismo?', '0.50', 1, 4, 2),
(270, 'Qual das alternativas abaixo corresponde a uma opção mais adequada para a reposição de líquido perdido na transpiração?', '0.50', 1, 4, 2),
(271, 'Qual das condições abaixo não é uma consequência da desidratação?', '0.50', 1, 4, 2),
(272, 'Ao praticar uma atividade física devemos nos preocupar com a reposição líquida numa frequência de ...', '0.50', 1, 4, 2),
(273, 'Qual dos fatores abaixo dificultam a regulação da temperatura corporal?', '0.50', 1, 4, 2),
(274, 'O consumo excessivo de água também pode ser um problema. Essa condição é chamada de:', '0.50', 1, 4, 2),
(275, 'A frase \"... é um distúrbio que provoca uma perda de peso acima do que é considerável saudável para a idade e altura\" se refere a:', '0.50', 1, 4, 2),
(276, 'Qual das alternativas abaixo não corresponde a um sintoma da bulimia nervosa?', '0.50', 1, 4, 2),
(277, 'Antes de iniciar um treino o praticante deve consumir alimentos que forneçam energia para  o corpo. Neste caso os melhores tipos de alimentos são:', '0.50', 1, 4, 2),
(278, 'Após o treino o praticante deve priorizar a recuperação muscular e de energia. Neste caso os melhores tipos de alimentos respectivamente são:', '0.50', 1, 4, 2),
(279, 'Das alternativas abaixo qual delas faz a diferenciação correta entre suplementos e anabolizantes?', '0.50', 1, 4, 2),
(280, 'Qual das consequências abaixo não é causada pelo uso inadequado de anabolizantes?', '0.50', 1, 4, 2),
(281, 'Para uma pessoa que apresenta osteopenia, qual dos exercícios abaixo seria o mais indicado?', '0.50', 1, 4, 2),
(282, 'Indique qual alternativa abaixo não corresponde a um fator de risco para a hipertensão', '0.50', 1, 4, 2),
(283, 'Qual das doenças abaixo é a única que não está associada ao sedentarismo?', '0.50', 1, 4, 2),
(284, 'Assim como um carro, o corpo humano precisa de combustível para funcionar. Qual o princípal combustivel do corpo quando estamos dormindo?', '0.50', 1, 4, 2),
(285, 'Qual dos tipos de diabetes pode ser evitado com a prática de atividade física, por estar diretamente relacionado com a obesidade?', '0.50', 1, 4, 2),
(286, 'Uma das consequências do treinamento aeróbico na vida de uma pessoa é?', '0.50', 1, 4, 2),
(287, 'Qual a função das artérias?', '0.50', 1, 4, 2),
(288, 'Qual a função das veias?', '0.50', 1, 4, 2),
(289, 'Qual o método mais preciso para analisarmos o percentual de gordura?', '0.50', 1, 4, 2),
(290, 'Existem três métodos de analisarmos a gordura corporal: direto, indireto e duplamente indireto. Qual dos exemplos abaixo se referem ao duplamente indireto?', '0.50', 1, 4, 2),
(291, 'A principal causa de morte no Brasil pode ser diminuida com a prática de atividade física. Que doença é éssa?', '0.50', 1, 4, 2),
(292, 'A diabetes é uma morbidade que pode ser tratada e pevenida através da prática de atividade física. Qual outra morbidade pode ser tratada e prevenida com a prática de atividade física? ', '0.50', 1, 4, 2),
(293, 'Qual a diferença entre perder peso e emagrecer?', '0.50', 1, 4, 2),
(294, 'Para que um adulto seja classificado como desnutrido, ele deve ter IMC abaixo de quanto?', '0.50', 1, 4, 2),
(295, 'Se um adulto tem IMC de 26,7Kg/m2, ele será classificado como?', '0.50', 1, 4, 2),
(296, 'Sobre a frequência cardíaca podemos afirmar...', '0.50', 1, 4, 2),
(297, 'Qual dos benefícios indicados abaixo está relacionado com o exercício aeróbico?', '0.50', 1, 4, 2),
(298, 'Todos sabemos da importância da atividade física. Hoje em dia sabemos que adolescentes ativos tem menores chances de desenvolver qual doença na idade adulta?', '0.50', 1, 4, 2),
(299, 'O que quer dizer a sígla IMC?', '0.50', 1, 4, 2),
(300, 'Qual desses instrumentos não é utilizado para medir o nível de atividade física de um indivíduo?', '0.50', 1, 4, 2),
(301, 'Qual desses instrumentos não é utilizado para medir o gasto energética de um indivíduo?', '0.50', 1, 4, 2),
(302, 'Qual o número de passos por dia para que uma pessoa seja considerada ativa?', '0.50', 1, 4, 2),
(303, 'Qual o ponto de corte semanal para definir que crianças e adolescentes são ativos fisicamente?', '0.50', 1, 4, 2),
(304, 'Se um adulto faz atividade física vigorosa, qual o ponto de corte semanal para que ele seja considerado ativo?', '0.50', 1, 4, 2),
(305, 'Qual o ponto de corte semanal para definir que um adulto é ativo fisicamente?', '0.50', 1, 4, 2),
(306, 'A frase \"Características que, em níveis adequados, possibilitam mais energia para o trabalho e o lazer\" está se referindo ao conceito de...', '0.50', 1, 4, 2),
(307, 'A frase \"Atividade fisica planejada, estruturada, repetitiva, que objetiva a manutenção ou melhora da aptidão física\" está se referindo ao conceito de...', '0.50', 1, 4, 2),
(308, 'Frase \"Qualquer movimento corporal produzido pela musculatura esquelética que resulte em gasto energético\" está se referindo ao conceito de...', '0.50', 1, 4, 2),
(309, 'Quanto tempo o goleiro de futsal tem para repôr a bola no arremesso de meta?', '0.50', 1, 1, 2),
(310, 'A partir de quantas faltas acumulativas dentro de um período do jogo de futsal é cobrado o tiro livre direto sem barreira?', '0.50', 1, 1, 2),
(311, 'Após quantos minutos uma equipe de futsal pode repôr um jogador expulso sem que tenha sofrido gol?', '0.50', 1, 1, 2),
(312, 'Quais das dimensões abaixo são adequadas para uma partida oficial de futsal, sendo respectivamente comprimento e largura?', '0.50', 1, 1, 2),
(313, 'Numa partida de futsal da categoria adulta o tempo de jogo é dividido da seguinte forma:', '0.50', 1, 1, 2),
(314, 'Como é composta a arbitragem de um jogo de futsal?', '0.50', 1, 1, 2),
(315, 'Em qual das situações descritas a seguir a bola está em jogo no futsal?', '0.50', 1, 1, 2),
(316, 'Indique qual das infrações a seguir o árbitro de futsal marcará tiro livre indireto', '0.50', 1, 1, 2),
(317, 'No futsal, o tiro livre direto sem barreira será cobrado a uma distância de no mínimo:', '0.50', 1, 1, 2),
(318, 'Quantas substituições podem ser efetuadas no futsal por período?', '0.50', 1, 1, 2),
(319, 'Qual das situações a seguir está correta na cobrança de lateral do futsal?', '0.50', 1, 1, 2),
(320, 'Qual o tamanho da goleira de futsal, sendo respectivamente altura e largura?', '0.50', 1, 1, 2),
(321, 'O jogo de futsal é composto por duas equipes com quantos jogadores em quadra em cada time?', '0.50', 1, 1, 2),
(322, 'Qual o número mínimo de jogadores para iniciar uma partida de futsal?', '0.50', 1, 1, 2),
(323, 'Sobre as regras de substituições no futsal, é correto afirmar que:', '0.50', 1, 1, 2),
(324, 'No futsal, qual das alternativas representa uma condição para o goleiro receber a bola novamente de um companheiro estando em sua quadra de defesa?', '0.50', 1, 1, 2),
(325, 'Em que situação o goleiro poderá pegar a bola com a mão vinda de um companheiro?', '0.50', 1, 1, 2),
(326, 'Em qual das situações a seguir o gol é validado no futsal quando a bola entra diretamente a gol?', '0.50', 1, 1, 2),
(327, 'Qual a distância da marca penal até o gol no futsal?', '0.50', 1, 1, 2),
(328, 'Qual destas situações o árbitro de futsal marcará tiro livre direto?', '0.50', 1, 1, 2),
(329, 'Qual o número mínimo de jogadores na quadra para que possa dar seguimento a uma partida de futsal?', '0.50', 1, 1, 2),
(330, 'Considere a seguinte definição: (...) consiste na execução individual dos fundamentos básicos do futsal. ', '0.50', 1, 1, 2),
(331, 'Quais das alternativas não corresponde a um fundamento técnico do futsal?', '0.50', 1, 1, 2),
(332, '\"É o meio de comunicação entre os jogadores de uma equipe, possibilitando o jogo em conjunto\". De qual fundamento técnico do futsal estamos falando?', '0.50', 1, 1, 2),
(333, 'Qual das alternativas abaixo NÃO corresponde a um tipo de classificação do passe do futsal?', '0.50', 1, 1, 2),
(334, 'Para que o passe no futsal tenha mais precisão, qual parte do pé devemos utilizar para executar o fundamento?', '0.50', 1, 1, 2),
(335, 'Qual dos tipos de passes do futsal serve para enviar a bola por cima do adversário?', '0.50', 1, 1, 2),
(336, 'Dos conceitos a seguir, qual deles define melhor o fundamento chute do futsal?', '0.50', 1, 1, 2),
(337, 'Qual das alternativas abaixo representa a melhor opção para chutar uma bola alta?', '0.50', 1, 1, 2),
(338, 'Qual das alternativas abaixo é a mais adequada para a recepção da bola rasteira no futsal?', '0.50', 1, 1, 2),
(339, 'O conceito \"carregar a bola de uma zona para outra da quadra\" refere-se a qual fundamento técnico do futsal?', '0.50', 1, 1, 2),
(340, 'Qual a forma mais adequada para conduzir a bola no momento de um contra-ataque em velocidade no futsal?', '0.50', 1, 1, 2),
(341, 'Qual a forma mais adequada para conduzir a bola no futsal quando se requer mais controle da bola?', '0.50', 1, 1, 2),
(342, 'Qual a diferença entre os fundamentos de drible e finta do futsal?', '0.50', 1, 1, 2),
(343, 'Controle de bola no futsal é considerado um:', '0.50', 1, 1, 2),
(344, 'Qual destas partes do corpo não é geralmente utilizada para controle de bola no futsal?', '0.50', 1, 1, 2),
(345, 'Qual a melhor definição para o cabeceio no futsal?', '0.50', 1, 1, 2),
(346, 'Considerando as alternativas a seguir, qual delas não é um princípio da marcação do futsal?', '0.50', 1, 1, 2),
(347, 'Qual destes fundamentos do goleiro de futsal é mais importante para uma ação de contra-ataque?', '0.50', 1, 1, 2),
(348, 'Tendo em conta as recentes mudanças nas regras do goleiro de futsal, quais fundamentos técnicos o goleiro precisa aprimorar?', '0.50', 1, 1, 2),
(349, 'Qual é a melhor definição para esquema tático?', '0.50', 1, 1, 2),
(350, 'Qual dos tipos de marcação abaixo não corresponde a uma opção de marcação no futsal?', '0.50', 1, 1, 2),
(351, 'A marcação individual é um sistema defensivo que:', '0.50', 1, 1, 2),
(352, 'Numa situação onde a equipe adversária apresenta maior qualidade técnica e física que o seu time, a melhor opção defensiva é:', '0.50', 1, 1, 2),
(353, 'Quando sua equipe de futsal vai enfrentar um adversário que é inferior tecnicamente, qual a melhor opção defensiva?', '0.50', 1, 1, 2),
(354, 'O que são linhas de marcação no futsal?', '0.50', 1, 1, 2),
(355, 'Das afirmações abaixo sobre as linhas de marcação no futsal, qual delas é a única que está correta?', '0.50', 1, 1, 2),
(356, 'Qual dos tipos de marcação utilizadas no futsal não corresponde a marcação zona?', '0.50', 1, 1, 2),
(357, 'Em qual das situações abaixo a marcação zona é a mais indicada num jogo de futsal?', '0.50', 1, 1, 2),
(358, 'Qual das marcações abaixo corresponde a um tipo de sistema defensivo misto no futsal?', '0.50', 1, 1, 2),
(359, 'Qual dos sistemas ofensivos do futsal indicados nas alternativas é o mais elementar?', '0.50', 1, 1, 2),
(360, 'Tendo em conta os sistemas ofensivos do futsal podemos afirmar que:', '0.50', 1, 1, 2),
(361, 'Analisando as alternativas, qual delas não apresenta a definição correta?', '0.50', 1, 1, 2),
(362, 'Qual das alternativas não corresponde a um padrão de jogo do futsal?', '0.50', 1, 1, 2),
(363, 'Qual padrão de jogo é mais adequado para utilizar contra uma equipe que utiliza marcação zona?', '0.50', 1, 1, 2),
(364, 'Indique o padrão de jogo que não utiliza um jogador com a posição específica de pivô.', '0.50', 1, 1, 2),
(365, 'Indique qual das alternativas representa melhor a definição do padrão pela ala', '0.50', 1, 1, 2),
(366, 'Qual das alternativas representam padrões de jogo que utilizam o movimento realizado por quatro jogadores', '0.50', 1, 1, 2),
(367, 'Em que situação do jogo as equipes costuma utilizar o padrão com goleiro linha?', '0.50', 1, 1, 2),
(368, 'Qual dos padrões de jogo não pode ser adotado por uma equipe que sofre marcação pressão do seu adversário?', '0.50', 1, 1, 2),
(369, 'O Futsal surgiu na dácada de:', '0.50', 1, 1, 2),
(370, 'Apesar de algumas divergências, o país considerado precursor do Futsal é:', '0.50', 1, 1, 2),
(371, 'Nos seus primórdios, o futsal era denominado:', '0.50', 1, 1, 2),
(372, 'No Brasil o futsal chegou primeiro em qual estado?', '0.50', 1, 1, 2),
(373, 'Qual foi a entidade reconhecida como a precursora do esporte no Brasil?', '0.50', 1, 1, 2),
(374, 'Em qual década o esporte foi oficializado no Brasil?', '0.50', 1, 1, 2),
(375, 'Até a década de 90, qual era o nome do orgão internacional que regulamentava o futsal?', '0.50', 1, 1, 2),
(376, 'Por conta de algumas peculiaridades do futsal, inicialmente o esporte foi carinhosamente apelidado como:', '0.50', 1, 1, 2),
(377, 'Qual o nome do criador do Futsal?', '0.50', 1, 1, 2),
(378, 'Com qual objetivo foi criado o futsal?', '0.50', 1, 1, 2),
(379, 'Em que ano é considerado a chegada oficial do Futebol no Brasil?', '0.50', 1, 1, 2),
(380, 'Qual foi o responsável por trazer oficialmente o Futebol para o Brasil?', '0.50', 1, 1, 2),
(381, 'Como chegou o Futebol ao Brasil?', '0.50', 1, 1, 2),
(382, 'Qual das alternativas representa melhor as caracetrísticas do Futebol nos primeiros anos que chegou ao Brasil?', '0.50', 1, 1, 2),
(383, 'Como foi a inserção dos negros no futebol brasileiro?', '0.50', 1, 1, 2),
(384, 'Qual era o papel das mulheres nos jogos de futebol logo que ele chegou ao Brasil?', '0.50', 1, 1, 2),
(385, 'De que forma os negros começaram a participar dos clubes de futebol?', '0.50', 1, 1, 2),
(386, 'Qual dos clubes cariocas citados abaixo foi o mais resistente para abrir as portas a jogadores negros?', '0.50', 1, 1, 2),
(387, 'Em qual período podemos afirmar que o futebol e a política estiveram mais próximos no Brasil?', '0.50', 1, 1, 2),
(388, 'Qual das alternativas abaixo não corresponde a uma justificativa para a falta de apoio ao futebol feminino no Brasil?', '0.50', 1, 1, 2),
(389, 'Ao incluir no regulamento do campeonato paulista de futebol feminino que é proibido raspar o cabelo, a federação está reforçando:', '0.50', 1, 1, 2),
(390, 'Qual das jogadoras de futebol brasileiras foi considerada mais vezes a melhor jogadora do mundo?', '0.50', 1, 1, 2),
(391, 'Qual a melhor colocação da seleção brasileira de futebol feminino em Copa do Mundo da FIFA?', '0.50', 1, 1, 2),
(392, 'Qual a jogadora de futebol brasileira com mais participações em jogos olímpicos', '0.50', 1, 1, 2),
(393, 'Qual destas datas não corresponde a um ano que o Brasil foi campeão da Copa do Mundo?', '0.50', 1, 1, 2),
(394, 'Dos craques brasileiros listados abaixo, qual nunca foi campeão do mundo pela seleção brasileira de futebol?', '0.50', 1, 1, 2),
(395, 'Em que ano foi realizada a primeira Copa do Mundo de Futebol Masculino?', '0.50', 1, 1, 2),
(396, 'Em que ano foi realizada a primeira Copa do Mundo de Futebol Feminino?', '0.50', 1, 1, 2),
(397, 'Qual time brasileiro foi o primeiro a ser campeão mundial de clubes?', '0.50', 1, 1, 2),
(398, 'Qual dos times brasileiros abaixo é conhecido como Tricolor?', '0.50', 1, 1, 2),
(399, 'Qual das alternativas a seleção nacional não corresponde a uma data de título de copa do mundo?', '0.50', 1, 1, 2),
(400, 'Qual das alternativas o clube brasileiro não corresponde a uma data de título mundial de clubes?', '0.50', 1, 1, 2),
(401, 'Qual é o nome do treinador brasileiro campeão do mundo em 2002?', '0.50', 1, 1, 2),
(402, 'Qual era a dupla de ataque do Brasil campeão do mundo em 1994?', '0.50', 1, 1, 2),
(403, 'Qual dos países abaixo nunca foi campeão do mundo de futsal?', '0.50', 1, 1, 2),
(404, 'Em que ano aconteceu o primeiro campeonato mundial de futsal?', '0.50', 1, 1, 2),
(405, 'Como é denominada a maior competição de futsal de clubes no âmbito nacional?', '0.50', 1, 1, 2),
(406, 'Qual é o nome do orgão que rege o futsal brasileiro?', '0.50', 1, 1, 2),
(407, 'Qual o nome do jogador de futsal brasileiro quatro vezes escolhido o melhor do mundo pela FIFA?', '0.50', 1, 1, 2),
(408, 'Qual das equipes brasileiras foi a primeira campeã do mundo de futsal?', '0.50', 1, 1, 2),
(409, 'São implementos utilizados nos arremessos/lançamentos?', '0.50', 1, 5, 2),
(410, 'Quais das alternativas abaixo correspondem aos diferentes tipos de Saltos do Atletismo?', '0.50', 1, 5, 2),
(411, 'Qual das alternativas abaixo corresponde a corrida mais longa no atletismo?', '0.50', 1, 5, 2),
(412, 'O Atletismo é uma modalidade esportiva em que as provas na maioria das vezes são disputadas individualmente, exceto:', '0.50', 1, 5, 2),
(413, 'Quais os comando do arbitro para dar ínicio a uma corrida de 100m?', '0.50', 1, 5, 2),
(414, 'Qual a distância de uma maratona?', '0.50', 1, 5, 2),
(415, 'Nesta prova o atleta deve correr  em uma pista, de no mínimo 40 metros,  efetuar um salto antes de uma tábua de impulsão e cair em uma caixa de areia. Que tipo de salto a descrição se refere?', '0.50', 1, 5, 2),
(416, 'O dardo pesa ______ gramas para as mulheres e _____ gramas para os homens.', '0.50', 1, 5, 2),
(417, ' O lançamento de peso consiste no arremesso de uma esfera metálica que pesa _____ para os homens adultos e _____ para as mulheres. ', '0.50', 1, 5, 2),
(418, 'Qual o peso do disco nas provas femininas e masculinas respectivamente?', '0.50', 1, 5, 2),
(419, 'Qual a prova oficial mais curta do Atletismo?', '0.50', 1, 5, 2),
(420, 'Em uma prova de 10.000 metros, quantas voltas na pista os atletas precisam percorrer?', '0.50', 1, 5, 2),
(421, 'Quantos metros tem uma pista oficial de atletismo?', '0.50', 1, 5, 2),
(422, 'Nas provas de velocidade (100m, 200m e 400m), quantas vezes o atleta pode queimar, ou seja, sair em falso antes do tiro de largada até que seja desclassificado da prova?', '0.50', 1, 5, 2),
(423, 'Quantas raias tem uma pista de atletismo oficial?', '0.50', 1, 5, 2),
(424, ' Quantas provas compõem o Decatlo e o Heptatlo, respectivamente?', '0.50', 1, 5, 2),
(425, ' Quais são as provas que compõem o Heptatlo?', '0.50', 1, 5, 2),
(426, 'Qual é o nome do equipamento utilizado na largada das provas curtas, cuja função é auxiliar a impulsão.', '0.50', 1, 5, 2),
(427, 'Dentre as corridas abaixo, qual inicia-se na curva de pista de atletismo?', '0.50', 1, 5, 2),
(428, 'Na prova de revezamento no atletismo, é realizado por quantos atletas?', '0.50', 1, 5, 2),
(429, 'Quais são os três tipos de saídas em um bloco de partida?', '0.50', 1, 5, 2),
(430, 'Marque a alternativa abaixo que correspode a provas raiadas no atletismo?', '0.50', 1, 5, 2),
(431, 'Qual a largura da raia em uma pista de atletismo?', '0.50', 1, 5, 2),
(432, 'Em uma prova de revezamento, o que deve estar sempre dentro da zona de passagem para que ela seja válida?', '0.50', 1, 5, 2),
(435, 'Na partida de uma corrida, o que significa a bandeira verde?', '0.50', 1, 5, 2),
(436, ' Será parado o cronometro de uma corrida apôs o atleta ultrapassar a linha de chegada com o:', '0.50', 1, 5, 2),
(437, 'Na corrida com Barreiras, um atleta passar seu pé ou perna abaixo ou ao lado da barreira ele será:', '0.50', 1, 5, 2),
(438, 'Qual a distância padrão de uma corrida com obstaculos?', '0.50', 1, 5, 2),
(439, 'Em uma corrida com obstaculos, com a distância de 2.000 metros, quantos saltos sobre obstáculos e sobre o fosse de água o atleta devera dar?', '0.50', 1, 5, 2),
(440, ' Nas corridas com obstáculos, o atleta devera saltar por:', '0.50', 1, 5, 2),
(441, 'Qual a distância da zona de passagem do bastão em uma corrida de revezamento?', '0.50', 1, 5, 2),
(442, 'Qual é o comprimento de um bastão, utilizados na corrida de revezamento?', '0.50', 1, 5, 2),
(443, 'O atleta deve se impulsionar apenas com um pé na prova de?', '0.50', 1, 5, 2),
(444, 'A distância entre os postes no slato em altura é de :', '0.50', 1, 5, 2),
(445, ' O salto Triplo consiste em ?', '0.50', 1, 5, 2),
(447, 'Qual o peso do martelo masculino?', '0.50', 1, 5, 2),
(448, ' Qual o peso do Martelo feminino?', '0.50', 1, 5, 2),
(449, 'O lançamento de Martelo é efetuado em uma:', '0.50', 1, 5, 2),
(450, 'Qual o comprimento de um dardo masculino?', '0.50', 1, 5, 2),
(451, 'Qual o comprimento de um dardo feminino?', '0.50', 1, 5, 2),
(452, 'Quais são as Provas Combinadas?', '0.50', 1, 5, 2),
(453, ' Quais provas combinadas são realizadas por mulheres?', '0.50', 1, 5, 2),
(454, 'Quais provas combinadas são realizadas por homens?', '0.50', 1, 5, 2),
(460, 'O atletismo e o conjunto de algumas provas. Quais são elas?', '0.50', 1, 5, 2),
(461, 'Grande parte das provas do atletismo, são realizadas em?', '0.50', 1, 5, 2),
(463, 'No revezamento, cada atleta percorre?', '0.50', 1, 5, 2),
(464, 'No salto em distância, qual o tamanho minimo do corredor de salto?', '0.50', 1, 5, 2),
(465, 'Qual a largura da tábua no salto em distância?', '0.50', 1, 5, 2),
(466, 'Qual  o principal objetivo de uma prova de arremesso de peso?', '0.50', 1, 5, 2),
(467, 'No Brasil as competições de atletismo são organizadas pelo?', '0.50', 1, 5, 2),
(468, 'Usain Bolt, é conhecido por quebrar records en quais provas do atletismo?', '0.50', 1, 5, 2),
(469, 'Atualmente, de quem é o recorde mundial da corrida de 100 metros rasos?', '0.50', 1, 5, 2),
(470, 'Qual o tempo recorde dos 100 mestros rasos?', '0.50', 1, 5, 2),
(471, 'De quem é o recorde mundial da maratona?', '0.50', 1, 5, 2),
(472, 'Atualmente, qual o tempo recorde de uma maratona?', '0.50', 1, 5, 2),
(476, 'Qual o tempo recorde dos 400 metros rasos?', '0.50', 1, 5, 2),
(477, 'Quem é o recordista do salto em alrura?', '0.50', 1, 5, 2),
(478, 'Qual a altura recorde do salto em altura?', '0.50', 1, 5, 2),
(479, 'Quem é o recordista do salto em distância?', '0.50', 1, 5, 2),
(480, 'Qual é a distância recorde no salto em distância?', '0.50', 1, 5, 2);
INSERT INTO `pergunta` (`ID_PERGUNTA`, `DESCRICAO`, `PONTUACAO`, `ID_DISCIPLINA`, `ID_CATEGORIA`, `ID_USUARIO`) VALUES
(481, 'Quem é o recordista no salto triplo?', '0.50', 1, 5, 2),
(482, 'Qual é a distância recorde do salto triplo?', '0.50', 1, 5, 2),
(483, 'Quem é a recordista do lançamento de martelo femino?', '0.50', 1, 5, 2),
(484, 'Qual a distância recorde do lançamento de martelo femino?', '0.50', 1, 5, 2),
(485, 'Em que dia é comemorado o dia do atletismo?', '0.50', 1, 5, 2),
(487, 'Quantas medalhas de ouro Usain Bolt ganhou na olimpiada de londres em 2012?', '0.50', 1, 5, 2),
(488, 'O Penúltimo Mundial de atletismo aconteceu em?', '0.50', 1, 5, 2),
(489, 'O último Mundial de Atletismo realizado em Pequim aconteceu em ?', '0.50', 1, 5, 2),
(490, 'No Mundial de Atletismo em Pequim, qual foi o país destaque?', '0.50', 1, 5, 2),
(491, 'Onde será realizado o Mundial de atletismo de 2017?', '0.50', 1, 5, 2),
(492, 'Em que ano aconteceu o primeiro Mundial de Atletismo?', '0.50', 1, 5, 2),
(493, 'Em que país aconteceu o primeiro mundial de Atletismo?', '0.50', 1, 5, 2),
(494, 'Quem foi o atleta destaque da antiguidade ?', '0.50', 1, 5, 2),
(495, 'O atletismo é comporto por quantas modalidade?', '0.50', 1, 5, 2),
(496, 'Onde o Atletismo nasceu?', '0.50', 1, 5, 2),
(497, 'As corridas são divididas em:', '0.50', 1, 5, 2),
(498, 'A corrida de São silvestre ocorre em que cidade do Brasil?', '0.50', 1, 5, 2),
(499, 'A corrida envolve:', '0.50', 1, 5, 2),
(500, 'A maratona é uma corrida de:', '0.50', 1, 5, 2),
(501, 'Qual a principal variavél fisica que maratona envolve:', '0.50', 1, 5, 2),
(503, 'Qual o principal objetivo da corrida?', '0.50', 1, 5, 2),
(505, 'Qual prova que o atleta tem que correr com um bastão na mão e passar para seu colega de equipe?', '0.50', 1, 5, 2),
(506, 'Qual é a media da distância das maratonas?', '0.50', 1, 5, 2),
(507, 'O salto em altura também é conheicodo com :', '0.50', 1, 5, 2),
(508, 'O salto em distância também é conhecido como:', '0.50', 1, 5, 2),
(509, 'Quantos jogadores em quadra fazem parte de uma equipe de basquete?', '0.50', 1, 6, 2),
(510, 'Qual o máximo de pontos que pode valer uma cesta no basquete?', '0.50', 1, 6, 2),
(511, 'Qual o jogador responsável por organizar uma equipe de basquete?', '0.50', 1, 6, 2),
(512, 'Qual o mínimo de pontos que pode valer uma cesta no basquete?', '0.50', 1, 6, 2),
(513, 'Qual o jogador responsável por pegar rebotes em uma equipe de basquete?', '0.50', 1, 6, 2),
(514, 'Qual altura do aro até o chão em uma quadra de basquete?', '0.50', 1, 6, 2),
(515, 'Quantos cartões cada jogador pode receber em uma partida de basquete?', '0.50', 1, 6, 2),
(516, 'Quantas substituições um treinador pode fazer em um jogo de basquete?', '0.50', 1, 6, 2),
(517, 'Em quantos períodos é dividido o jogo de basquete?', '0.50', 1, 6, 2),
(518, 'Em quantos tempos é dividido um jogo de basquete?', '0.50', 1, 6, 2),
(519, 'Qual duração de cada período no basquete?', '0.50', 1, 6, 2),
(520, 'Quantos pedidos de tempo, no máximo, cada treinador pode pedir no primeiro tempo de uma partida de basquete?', '0.50', 1, 6, 2),
(521, 'Quantos pedidos de tempo, no máximo, cada treinador pode pedir no segundo tempo de uma partida de basquete?', '0.50', 1, 6, 2),
(522, 'Qual o tamanho de uma quadra oficial de basquete?', '0.50', 1, 6, 2),
(523, 'Quantas bolas ao alto existem em uma partida oficial de basquete?', '0.50', 1, 6, 2),
(524, 'Quando acontece uma bola presa em uma partida de basquete, qual atitude deve tomar um árbitro?', '0.50', 1, 6, 2),
(525, 'Ganha um jogo de basquete a equipe que fizer...', '0.50', 1, 6, 2),
(526, 'Se uma pessoa faz uma cesta, arremessando a bola de antes do meio da quadra, quantos pontos valerá esta cesta?', '0.50', 1, 6, 2),
(527, 'Se uma pessoa faz uma cesta, arremessando a bola de dentro do garrafão, quantos pontos valerá esta cesta?', '0.50', 1, 6, 2),
(528, 'Se uma pessoa faz uma cesta, arremessando a bola em um lance livre, quantos pontos valerá esta cesta?', '0.50', 1, 6, 2),
(529, 'Quantas violações relacionadas ao tempo existem no basquete?', '0.50', 1, 6, 2),
(530, 'Qual o tempo máximo que uma equipe de basquete tem para realizar o arremesso a cesta?', '0.50', 1, 6, 2),
(531, 'Qual o tempo máximo que um jogador de ataque pode ficar dentro do garrafão da equipe adversária?', '0.50', 1, 6, 2),
(532, 'Qual o tempo máximo que uma equipe tem para sair da quadra de defesa para a de ataque?', '0.50', 1, 6, 2),
(533, 'Qual o tempo máximo que um jogador pode ficar segurando a bola estando um adversário marcando de perto?', '0.50', 1, 6, 2),
(534, 'Quantas faltas individuais cada jogador pode realizar em uma partida de basquete, para ser desqualificado?', '0.50', 1, 6, 2),
(535, 'Quantas faltas coletivas uma equipe pode realizar em cada período, sem ser penalizadas com lance livres?', '0.50', 1, 6, 2),
(536, '\"Picado e de peito\" são tipos de qual fundamento do basquete?', '0.50', 1, 6, 2),
(537, '\"Bandeja\" é o tipo de qual fundamento do basquete?', '0.50', 1, 6, 2),
(538, 'Em relação ao passe de peito, é correto afirmar...', '0.50', 1, 6, 2),
(539, 'Qual das alternativas abaixo não é um fundamento básico do basquetebol?', '0.50', 1, 6, 2),
(540, 'Qual dos fundamentos do basquetebol tem como objetivo \"levar o praticante a ter um eficiente domínio sobre a bola\"?', '0.50', 1, 6, 2),
(541, 'Qual dos fundamentos abaixo é o mais utilizado em um jogo de basquetebol?', '0.50', 1, 6, 2),
(542, 'Tipo de drible no basquetebol que é utilizado quando o jogador está sofrendo marcação próxima', '0.50', 1, 6, 2),
(543, 'Tipo de drible no basquetebol que é utilizado quando o jogador está iniciando um contra-ataque.', '0.50', 1, 6, 2),
(544, 'Qual das alternativas define melhor o fundamento drible no basquetebol?', '0.50', 1, 6, 2),
(545, 'Qual das alternativas abaixo não corresponde a um tipo de drible no basquetebol?', '0.50', 1, 6, 2),
(546, 'Qual dos fundamentos abaixo nos permite avançar com mais velocidade da defesa para o ataque no basquetebol?', '0.50', 1, 6, 2),
(547, '\"É um passe rápido e preciso, usado na armação do ataque pelos armadores e alas\". A descrição refere-se a que tipo de passe no basquetebol?', '0.50', 1, 6, 2),
(548, '\"É um passe usado para curtas distâncias, e quando o jogador está sob pressão\". A descrição refere-se a que tipo de passe no basquetebol?', '0.50', 1, 6, 2),
(549, '\"É um passe normalmente utilizado para servir os pivôs próximo a cesta\". A descrição refere-se a que tipo de passe no basquetebol?', '0.50', 1, 6, 2),
(550, 'Qual das alternativas abaixo corresponde a um tipo de manejo de corpo no basquetebol?', '0.50', 1, 6, 2),
(551, 'Como podem ser divididos os tipos de passes no basquetebol?', '0.50', 1, 6, 2),
(552, 'Qual das alternativas abaixo corresponde a um tipo de passe especial no basqauetebol?', '0.50', 1, 6, 2),
(553, '\"É o mais indicado quando deseja-se enviar a bola de um lado ao outro da quadra\". A descrição refere-se a que tipo de passe no basquetebol?', '0.50', 1, 6, 2),
(554, 'O arremesso de gancho é utilizado com  mais frequência por jogador de  qual posição no basquetebol?', '0.50', 1, 6, 2),
(555, 'Qual das situações de um jogo de basquetebol é a mais indicada para o uso do arremesso de bandeja?', '0.50', 1, 6, 2),
(556, 'Qual dos arremessos no basquetebol é o mais indicado quando se está numa situação de lance livre?', '0.50', 1, 6, 2),
(557, 'Quais são os tipos de rebotes no basquetebol?', '0.50', 1, 6, 2),
(558, 'Qual das alternativas abaixo corresponde normalmente a posição que exige o jogador mais alto no basquetebol?', '0.50', 1, 6, 2),
(559, 'Qual das posições abaixo corresponde ao jogador que a habilidade com a bola e o manejo do corpo é mais importante que a altura?', '0.50', 1, 6, 2),
(560, 'Quando uma equipe sai da quadra de defesa e vai para a de ataque, o que ela não poderá fazer?', '0.50', 1, 6, 2),
(561, 'A violação dos 3 segundos, geralmente é cometida por qual jogador de uma equipe de basquete?', '0.50', 1, 6, 2),
(562, 'Em relação ao pé-de-pivô é correto dizer que:', '0.50', 1, 6, 2),
(563, 'Sobre o lateral no basquete é correto afirmar que:', '0.50', 1, 6, 2),
(564, 'No lance-livre, o jogador que realiza o arremesso, só poderá tentar pegar o rebote quando...', '0.50', 1, 6, 2),
(565, 'Qual das situações abaixo é considerada lateral no Basquete?', '0.50', 1, 6, 2),
(566, 'Em um jogo de Basquete é correto afirmar que:', '0.50', 1, 6, 2),
(567, 'Podemos afirmar que o criador do basquetebol foi...', '0.50', 1, 6, 2),
(568, 'Qual foi um dos prinicpais motivos para a criação do Basquetebol?', '0.50', 1, 6, 2),
(569, 'O Basquetebol é oriundo de qual país?', '0.50', 1, 6, 2),
(570, 'Sobre o basquetebol no Brasil, qual das afirmativas abaixo é incorreta?', '0.50', 1, 6, 2),
(571, 'Qual o número mínimo de jogadores que deve ter uma equipe de Basquete para que tenha uma partida, após seu começo?', '0.50', 1, 6, 2),
(572, 'Durante uma partida de Basquete, alguns jogadores em quadra se envolveram em uma confusão. Com base nesta afirmativa responda a alternativa correta:', '0.50', 1, 6, 2),
(573, 'Se um jogo de basquete terminar empatado no seu tempo normal…', '0.50', 1, 6, 2),
(574, 'Como se dá o começo de uma prorrogação no Basquete?', '0.50', 1, 6, 2),
(575, 'Quantas prorrogações poderão existir em um jogo de Basquete?', '0.50', 1, 6, 2),
(576, 'Quantos pedidos de tempo cada treinador terá em uma prorrogação no Basquete?', '0.50', 1, 6, 2),
(577, 'Em uma prorrogação no Basquete, é correto afirmar que…', '0.50', 1, 6, 2),
(578, 'Qual a duração de uma prorrogação no Basquete?', '0.50', 1, 6, 2),
(579, 'Na prorrogação, o que acontece com as faltas individuais?', '0.50', 1, 6, 2),
(580, 'Quantos tipos de paradas bruscas existem no Basquete?', '0.50', 1, 6, 2),
(581, 'Qual o nome dado aos tipos de paradas bruscas no Basquete?', '0.50', 1, 6, 2),
(582, 'Em um jogo de Basquete, a parada brusca de 1 tempo é realizada basicamente antes de ser realizado qual ação?', '0.50', 1, 6, 2),
(583, 'Em um jogo de Basquete, a parada brusca de 2 tempos é realizada basicamente para evitar qual violação?', '0.50', 1, 6, 2),
(584, 'Para a execução correta de um arremesso no Basquete, é correto afirmar que…', '0.50', 1, 6, 2),
(585, 'Para a execução correta de um arremesso no Basquete, é correto afirmar que…', '0.50', 1, 6, 2),
(586, 'Os sistemas táticos do Basquete são semelhantes a qual esporte?', '0.50', 1, 6, 2),
(587, 'Sobre os sistemas táticos do basquetebol, podemos afirmar que são divididos em:', '0.50', 1, 6, 2),
(588, 'Podemos dividir os sistemas defensivos do basquetebol em:', '0.50', 1, 6, 2),
(589, 'Qual é o sistema defensivo por zona mais utilizado no basquete?', '0.50', 1, 6, 2),
(590, 'Qual o sistema ofensivo mais utilizado no basquete?', '0.50', 1, 6, 2),
(591, 'Qual das alternativas abaixo não é uma característica positiva do sistema defensivo 2:1:2 no basquetebol?', '0.50', 1, 6, 2),
(592, 'Sobre o sistema defensivo 2:1:2 no basquetebol podemos afirmar que:', '0.50', 1, 6, 2),
(593, 'Marque a alternativa incorreta. É uma característica do sistema de marcação individual no basquetebol:', '0.50', 1, 6, 2),
(594, 'No basquetebol, o sistema defensivo denominado \"Box-One\"é considerado um sistema:', '0.50', 1, 6, 2),
(595, 'Assinale a alternativa correta. A forma geométrica utilizada no sistema defensivo do basquete \"Box-One\"é:', '0.50', 1, 6, 2),
(596, 'A junção do sistema defensivo, individual e zona, é chamado no basquete de sistema...', '0.50', 1, 6, 2),
(597, 'A equipe A marca a equipe B em toda a quadra, sem deixar nenhum espaço para eles se movimentarem para trocar a bola. A este tipo de marcação damos qual nome?', '0.50', 1, 6, 2),
(598, 'Qual o número mínimo de substituições obrigatórias no Basquete?', '0.50', 1, 6, 2),
(599, 'Qual o limite máximo de pontos que tem um jogo de Basquete?', '0.50', 1, 6, 2),
(600, 'Qual o número mínimo de jogadores que deve ter uma equipe de Basquete para que tenha início uma partida?', '0.50', 1, 6, 2),
(601, 'O passe quicado é mais apropriado de ser utilizado em...', '0.50', 1, 6, 2),
(602, 'O passe sobre a cabeça é na maioria das vezes utilizado para passarmos a bola para qual jogador da equipe?', '0.50', 1, 6, 2),
(603, 'Qual o motivo de realizamos o corta-luz no Basquete?', '0.50', 1, 6, 2),
(604, 'Qual o jogador de uma equipe de Basquete que na maioria das vezes não realiza o corta-luz', '0.50', 1, 6, 2),
(605, 'Quando um treinador pede tempo faltando menos de 2 minutos para terminar a partida, de onde é realizada a reposição de bola?', '0.50', 1, 6, 2),
(606, 'Quando um treinador pede tempo exceto faltando 2 minutos para terminar a partida, de onde é realizada a reposição de bola?', '0.50', 1, 6, 2),
(607, 'Qual dos números abaixo é permitidos ser utilizado no uniforme de jogadores de Basquete', '0.50', 1, 6, 2),
(608, 'Qual o nome se dá, de forma popular, a ação de um defensor que ao ver o jogador da equipe adversária arremessar a bola a cesta, salta e realiza um bloqueio?', '0.50', 1, 6, 2);

-- --------------------------------------------------------

--
-- Estrutura da tabela `pergunta_quiz`
--

CREATE TABLE `pergunta_quiz` (
  `ID_PERGUNTA_QUIZ` int(11) NOT NULL,
  `ID_PERGUNTA` int(11) NOT NULL,
  `ID_QUIZ` int(11) NOT NULL,
  `ID_TURMA` int(11) NOT NULL
) ENGINE=InnoDB DEFAULT CHARSET=utf8 ROW_FORMAT=COMPACT;

--
-- Extraindo dados da tabela `pergunta_quiz`
--

INSERT INTO `pergunta_quiz` (`ID_PERGUNTA_QUIZ`, `ID_PERGUNTA`, `ID_QUIZ`, `ID_TURMA`) VALUES
(1, 108, 1, 1),
(2, 30, 1, 1),
(3, 60, 1, 1),
(4, 107, 1, 1),
(5, 100, 1, 1),
(6, 65, 1, 1),
(7, 88, 1, 1),
(8, 22, 1, 1),
(9, 27, 1, 1),
(10, 106, 1, 1),
(11, 34, 1, 2),
(12, 59, 1, 2),
(13, 83, 1, 2),
(14, 69, 1, 2),
(15, 37, 1, 2),
(16, 53, 1, 2),
(17, 40, 1, 2),
(18, 44, 1, 2),
(19, 102, 1, 2),
(20, 58, 1, 2);

-- --------------------------------------------------------

--
-- Estrutura da tabela `quiz`
--

CREATE TABLE `quiz` (
  `ID_QUIZ` int(11) NOT NULL,
  `ID_USUARIO` int(11) NOT NULL,
  `DESCRICAO` varchar(45) DEFAULT NULL,
  `DT_INICIO` datetime DEFAULT NULL,
  `DT_FIM` datetime DEFAULT NULL,
  `PUBLICACAO` char(1) DEFAULT NULL
) ENGINE=InnoDB DEFAULT CHARSET=utf8 ROW_FORMAT=COMPACT;

--
-- Extraindo dados da tabela `quiz`
--

INSERT INTO `quiz` (`ID_QUIZ`, `ID_USUARIO`, `DESCRICAO`, `DT_INICIO`, `DT_FIM`, `PUBLICACAO`) VALUES
(1, 2, 'Teste Voleibol', '2017-08-13 00:00:00', '2017-08-31 00:00:00', 'S');

-- --------------------------------------------------------

--
-- Estrutura da tabela `resposta`
--

CREATE TABLE `resposta` (
  `ID_RESPOSTA` int(11) NOT NULL,
  `RESPOSTA` varchar(45) DEFAULT NULL,
  `TIPO` char(1) DEFAULT NULL,
  `ID_PERGUNTA` int(11) NOT NULL
) ENGINE=InnoDB DEFAULT CHARSET=utf8 ROW_FORMAT=COMPACT;

--
-- Extraindo dados da tabela `resposta`
--

INSERT INTO `resposta` (`ID_RESPOSTA`, `RESPOSTA`, `TIPO`, `ID_PERGUNTA`) VALUES
(121, '7', 'F', 10),
(122, '12', 'V', 10),
(123, '14', 'F', 10),
(124, '5', 'F', 10),
(125, '25', 'V', 11),
(126, '15', 'F', 11),
(127, '26', 'F', 11),
(128, '14', 'F', 11),
(129, '5', 'F', 12),
(130, '4', 'F', 12),
(131, '3', 'F', 12),
(132, '6', 'V', 12),
(133, '2', 'F', 13),
(134, '3', 'F', 13),
(135, '5', 'V', 13),
(136, '4', 'F', 13),
(137, 'Sua equipe perde um ponto', 'F', 14),
(138, 'A equipe adversária ganha um ponto', 'F', 14),
(139, 'A equipe adversária perde um ponto', 'F', 14),
(140, 'Não há penalização', 'V', 14),
(141, '2.43', 'V', 15),
(142, '2.42', 'F', 15),
(143, '2.24', 'F', 15),
(144, '2.35', 'F', 15),
(145, '5', 'F', 16),
(146, '6', 'V', 16),
(147, '4', 'F', 16),
(148, 'Não há limite de substituições', 'F', 16),
(149, '1', 'F', 17),
(150, '0', 'F', 17),
(151, '2', 'V', 17),
(152, '4', 'F', 17),
(153, '8 seguntos', 'V', 18),
(154, '7 segundos', 'F', 18),
(155, '6 segundos', 'F', 18),
(156, ' 4 segundos', 'F', 18),
(157, '3', 'F', 19),
(158, '2', 'F', 19),
(159, '1', 'F', 19),
(160, '6', 'V', 19),
(161, '3 e 6', 'F', 20),
(162, '5 e 3', 'V', 20),
(163, '6 e 2', 'F', 20),
(164, '5 e 6', 'F', 20),
(165, '3m x 3m', 'F', 21),
(166, '18m x 9m', 'V', 21),
(167, '20m x 10m', 'F', 21),
(168, '16m x 9m', 'F', 21),
(169, '3', 'V', 22),
(170, '2', 'F', 22),
(171, '1', 'F', 22),
(172, '4', 'F', 22),
(173, '3m   ', 'F', 23),
(174, '6m', 'F', 23),
(175, '9m', 'V', 23),
(176, '10m', 'F', 23),
(177, 'É permitido jogar voleibol de óculos', 'F', 24),
(178, 'É permitido jogar voleibol com agasalho', 'F', 24),
(179, 'É permitido jogar voleibol com molas nos têni', 'V', 24),
(180, 'É permitido jogar voleibol descalço', 'F', 24),
(181, 'Somente sacar', 'F', 25),
(182, 'Somente receber o saque', 'F', 25),
(183, 'Somente um dos lados da quadra para iniciar a', 'F', 25),
(184, 'Qualquer uma das alternativas anteriores', 'V', 25),
(185, 'Condução', 'V', 26),
(186, 'Dois toques', 'F', 26),
(187, 'Toque apoiado', 'F', 26),
(188, 'Quatro toques', 'F', 26),
(189, '2', 'V', 27),
(190, '4', 'F', 27),
(191, '6', 'F', 27),
(192, '7', 'F', 27),
(193, '2', 'F', 28),
(194, '3', 'F', 28),
(195, '4', 'V', 28),
(196, '1', 'F', 28),
(197, 'Bloqueio', 'F', 29),
(198, 'Ataque', 'F', 29),
(199, 'Defesa', 'F', 29),
(200, 'Saque', 'V', 29),
(201, 'Meio de rede', 'F', 30),
(202, 'Levantador', 'V', 30),
(203, 'Entrada de rede', 'F', 30),
(204, 'Oposto', 'F', 30),
(205, '3', 'V', 31),
(206, '2', 'F', 31),
(207, '4', 'F', 31),
(208, '1', 'F', 31),
(209, '4', 'F', 32),
(210, '1', 'F', 32),
(211, '3', 'F', 32),
(212, '2', 'V', 32),
(213, 'Saque', 'F', 33),
(214, 'Manchete', 'F', 33),
(215, 'Bloqueio', 'V', 33),
(216, 'Cortada', 'F', 33),
(217, 'Saque', 'F', 34),
(218, 'Cortada', 'F', 34),
(219, 'Manchete', 'F', 34),
(220, 'Toque', 'V', 34),
(221, ' 4x2 simples', 'F', 35),
(222, '4x2 com infiltração', 'V', 35),
(223, '5x1', 'F', 35),
(224, '4x2 ponta', 'F', 35),
(225, 'Levantador', 'F', 36),
(226, 'Líbero', 'F', 36),
(227, 'Meio de rede', 'V', 36),
(228, 'Oposto', 'F', 36),
(229, 'Saque', 'V', 37),
(230, 'Manchete', 'F', 37),
(231, 'Toque  ', 'F', 37),
(232, 'Bloqueio', 'F', 37),
(233, '4', 'V', 38),
(234, '5', 'F', 38),
(235, '6', 'F', 38),
(236, '1', 'F', 38),
(237, '3', 'F', 39),
(238, '2', 'V', 39),
(239, '4', 'F', 39),
(240, '5', 'F', 39),
(241, '... o levantador está indo para a 6', 'F', 40),
(242, '... o levantador está indo para 5', 'F', 40),
(243, '... o levantador está indo para 4', 'V', 40),
(244, '... o levantador está indo para a 3', 'F', 40),
(245, 'Aumentar o bloqueio', 'F', 41),
(246, 'Melhorar o passe', 'F', 41),
(247, 'Arrumar o saque', 'F', 41),
(248, 'Manter três atacantes na zona da frente (na r', 'V', 41),
(249, '... a manchete', 'V', 42),
(250, '... a cortada', 'F', 42),
(251, '... o saque', 'F', 42),
(252, '... o bloqueio', 'F', 42),
(253, 'Líbero', 'V', 43),
(254, 'Meio de rede', 'F', 43),
(255, 'Entrada de rede', 'F', 43),
(256, 'Oposto', 'F', 43),
(257, 'Bloqueio', 'F', 44),
(258, 'Toque', 'F', 44),
(259, 'Saque', 'F', 44),
(260, 'Manchete', 'V', 44),
(261, 'Bolas altas', 'F', 45),
(262, 'Bolas chutadas', 'F', 45),
(263, 'Bolas médias', 'F', 45),
(264, 'Bolas rápidas', 'V', 45),
(265, 'De frente', 'F', 46),
(266, 'De costas', 'V', 46),
(267, 'De lado', 'F', 46),
(268, 'De joelhos', 'F', 46),
(269, '2', 'F', 47),
(270, '3', 'F', 47),
(271, '4', 'V', 47),
(272, '5', 'F', 47),
(273, 'Meio de rede', 'F', 48),
(274, 'Oposto', 'F', 48),
(275, 'Entrada de rede', 'V', 48),
(276, 'Líbero', 'F', 48),
(277, '3', 'F', 49),
(278, '2', 'V', 49),
(279, '1', 'F', 49),
(280, '5', 'F', 49),
(281, '1890', 'F', 50),
(282, '1910', 'F', 50),
(283, '1895', 'V', 50),
(284, '1744', 'F', 50),
(285, 'William Morgan', 'V', 51),
(286, 'Morgan Freeman', 'F', 51),
(287, 'William Gump', 'F', 51),
(288, 'James Naismith', 'F', 51),
(289, 'Basquetebol', 'F', 52),
(290, 'Mini-tênis', 'F', 52),
(291, 'Punhobol', 'F', 52),
(292, 'Mintonette', 'V', 52),
(293, 'Associação Cristã de Moços', 'V', 53),
(294, 'Associação Cristã de Moças', 'F', 53),
(295, 'Grêmio Esportivo Brasil', 'F', 53),
(296, 'Clube Esportivo de Esportes', 'F', 53),
(297, 'Criar um esporte mais dinâmico que o Basquete', 'F', 54),
(298, 'Criar um esporte com menos contato e menor ch', 'V', 54),
(299, 'Criar um esporte com mais praticantes que o B', 'F', 54),
(300, 'Criar um esporte mais atrativo que o Basquete', 'F', 54),
(301, 'Fazer mais ataques que a equipe adversária', 'F', 55),
(302, 'Errar menos que a equipe adversária', 'F', 55),
(303, 'Ter um saldo de pontos melhor do que a equipe', 'F', 55),
(304, 'Colocar a bola no chão da quadra da equipe ad', 'V', 55),
(305, 'California', 'F', 56),
(306, ' Oregon', 'F', 56),
(307, 'Massachusetts', 'V', 56),
(308, 'Texas', 'F', 56),
(309, 'Ganha a partida quem faz mais defesa', 'F', 57),
(310, 'Ganha a partida quem faz mais pontos', 'V', 57),
(311, 'Ganha a partida quem faz mais defesa', 'F', 57),
(312, 'Ganha a partida quem melhor levanta', 'F', 57),
(313, 'Dar soco na bola', 'F', 58),
(314, 'Fazer embaixadinhas com a bola', 'V', 58),
(315, 'Cabecear a bola', 'F', 58),
(316, 'Domiar a bola com o peito', 'F', 58),
(317, 'Todas as alternativas abaixo', 'V', 59),
(318, 'Toque, incluindo 2 toques caso aconteça', 'F', 59),
(319, 'Toque', 'F', 59),
(320, 'A cabeça', 'F', 59),
(321, 'Chutando a bola', 'F', 60),
(322, 'Toque, incluindo 2 toques caso aconteça', 'F', 60),
(323, 'Toque conduzindo a bola', 'V', 60),
(324, 'Utilizando a coxa', 'F', 60),
(325, 'Qualquer jogador exceto quem estava no bloque', 'F', 61),
(326, 'Somente quem estava no bloqueio mas não tocou', 'F', 61),
(327, 'Somente quem estava no bloqueio e tocou na bo', 'F', 61),
(328, 'Qualquer jogador', 'V', 61),
(329, '2 e 6', 'V', 62),
(330, '6 e 3', 'F', 62),
(331, '2 e 3', 'F', 62),
(332, '2 e 5', 'F', 62),
(333, '2 e 4', 'F', 63),
(334, '2, 4 e 6', 'V', 63),
(335, '4 e 6', 'F', 63),
(336, '1 e 2', 'F', 63),
(337, '1 e 4', 'F', 64),
(338, '1, 5 e 3', 'V', 64),
(339, '5 e 1', 'F', 64),
(340, '3, 4 e 5', 'F', 64),
(341, '... mais perto da linha de fundo do que a esq', 'F', 65),
(342, '... mais afastada da linha de fundo do que a ', 'V', 65),
(343, '... de forma paralela com a esquerda', 'F', 65),
(344, '... indiferente a posição das pernas', 'F', 65),
(345, '35', 'F', 66),
(346, '37', 'F', 66),
(347, '36', 'V', 66),
(348, 'Não pode chegar a esta pontuação', 'F', 66),
(349, '25', 'V', 67),
(350, '24', 'F', 67),
(351, '26', 'F', 67),
(352, '27', 'F', 67),
(353, '25', 'V', 68),
(354, '24', 'F', 68),
(355, '26', 'F', 68),
(356, '27', 'F', 68),
(357, 'Manchete', 'F', 69),
(358, 'Bloqueio', 'F', 69),
(359, 'Ataque', 'F', 69),
(360, 'Saque', 'V', 69),
(361, '2,20m', 'F', 70),
(362, '2,24m', 'V', 70),
(363, '2,32m', 'F', 70),
(364, '2,43m', 'F', 70),
(365, 'Até 3', 'F', 71),
(366, 'Até 2', 'F', 71),
(367, 'Quantas quiser', 'V', 71),
(368, 'Até 4', 'F', 71),
(369, '2', 'F', 72),
(370, '4 ', 'F', 72),
(371, '6', 'F', 72),
(372, 'Quantas vezes forem necessárias, pois não ', 'V', 72),
(373, 'Bloqueio', 'V', 73),
(374, 'Ataque', 'F', 73),
(375, 'Saque', 'F', 73),
(376, 'Toque', 'F', 73),
(377, 'Cortada', 'V', 74),
(378, 'Manchete', 'F', 74),
(379, 'Saque', 'F', 74),
(380, 'Bloqueio', 'F', 74),
(381, 'Levantador', 'F', 75),
(382, 'Meio de rede', 'V', 75),
(383, 'Ponteiro', 'F', 75),
(384, 'Líbero', 'F', 75),
(385, 'As mãos devem estar fechadas', 'F', 76),
(386, 'A palma da mãeo deve estar voltada pra cima', 'F', 76),
(387, 'A palma da mão deve estar voltada pra baixo', 'V', 76),
(388, 'Não existe bloqueio ofensivo', 'F', 76),
(389, 'Manchete', 'F', 77),
(390, 'Cortada', 'F', 77),
(391, 'Saque', 'F', 77),
(392, 'Bloqueio', 'V', 77),
(393, '... existem 2 levantadores, 2 meios de rede e', 'F', 78),
(394, '... existem 2 levantadores, 2 meios de rede, ', 'F', 78),
(395, '... existem 2 levantadores, 2 entradas de red', 'F', 78),
(396, '... existem 2 levantadores, 2 entradas de red', 'V', 78),
(397, '2 Levantadores', 'F', 79),
(398, '3 levantadores', 'F', 79),
(399, '1 levantador', 'V', 79),
(400, '5 levantadores', 'F', 79),
(401, '5', 'V', 80),
(402, '4 ', 'F', 80),
(403, '3', 'F', 80),
(404, '1', 'F', 80),
(405, 'Meio de rede e saída de rede', 'F', 81),
(406, 'Entradas de rede e o líbero', 'V', 81),
(407, 'Levantador e o líbero', 'F', 81),
(408, 'Saída de rede e o líbero', 'F', 81),
(409, '... mais perto da linha central do que a esqu', 'F', 82),
(410, '... mais perto da linha de fundo do que a esq', 'V', 82),
(411, '... as pernas devem estar paralelas', 'F', 82),
(412, '... indiferente a posição das pernas', 'F', 82),
(413, '1', 'F', 83),
(414, '5', 'V', 83),
(415, '6', 'F', 83),
(416, '3  ', 'F', 83),
(417, '60 segundos', 'F', 84),
(418, '45 segundo', 'F', 84),
(419, '90 segundos', 'F', 84),
(420, '30 segundos', 'V', 84),
(421, '30 segundos', 'F', 85),
(422, '90 segundos', 'F', 85),
(423, '45 segundos', 'F', 85),
(424, '60 segundos', 'V', 85),
(425, 'Nenhum', 'V', 86),
(426, '1', 'F', 86),
(427, '2', 'F', 86),
(428, '3', 'F', 86),
(429, 'Meio de rede', 'F', 87),
(430, 'Líbero', 'F', 87),
(431, 'Ponteiro', 'V', 87),
(432, 'Nenhuma das opções anteriores', 'F', 87),
(433, 'As linhas', 'F', 88),
(434, 'A rede', 'F', 88),
(435, 'As antenas', 'V', 88),
(436, 'Não existe nenhum objeto que limite o espaço ', 'F', 88),
(437, 'A palma da mão deve estar voltada para baixo', 'F', 89),
(438, 'A palma da mão deve estar voltada para cima', 'V', 89),
(439, 'Não existe bloqueio defensivo', 'F', 89),
(440, 'As mãos devem estar fechadas', 'F', 89),
(441, 'Sim, só na parte acima do bordo superior da r', 'F', 90),
(442, 'Sim, só na parte inferior ao bordo superior d', 'F', 90),
(443, 'Não é permitido tocar em nenhuma parte da ant', 'V', 90),
(444, 'Não existe antenas em um jogo de voleibol', 'F', 90),
(445, '... ele é obrigado a realizar o movimento do ', 'V', 91),
(446, '... ele pode deixar ela cair no chão até 2 ve', 'F', 91),
(447, '... ele pode deixar ela cair no chão apens 1 ', 'F', 91),
(448, '... ele pode pedir auxílio a um colega no lan', 'F', 91),
(449, '... pode tocar nela, desde que seja sem inten', 'F', 92),
(450, '... pode tocar nela, desde que seja na parte ', 'F', 92),
(451, '... pode tocar nela, somente com o cotovelo o', 'F', 92),
(452, '... não pode tocar de forma alguma na rede', 'V', 92),
(453, 'Ele obrigatóriamente sai do set e a sua equip', 'F', 93),
(454, 'Ele obrigatóriamente sai do set e a equipe ad', 'F', 93),
(455, 'Ele pode permanecer no set e a sua equipe per', 'F', 93),
(456, 'Ele pode permanecer no set e a equipe adversá', 'V', 93),
(457, 'Ele obrigatóriamente sai do set e a sua equip', 'F', 94),
(458, 'Ele obrigatóriamente sai do set e a equipe ad', 'V', 94),
(459, 'Ele pode permanecer no set e a equipe adversá', 'F', 94),
(460, 'Ele pode permanecer no set e a equipe adversá', 'F', 94),
(461, 'Ele obrigatóriamente sai da partida e não há ', 'V', 95),
(462, 'Ele obrigatóriamente sai do set e não há mais', 'F', 95),
(463, 'Ele obrigatóriamente sai da partida e a equip', 'F', 95),
(464, 'Ele obrigatóriamente sai do set e a equipe ad', 'F', 95),
(465, '... ele pode automaticamente voltar a quadra.', 'F', 96),
(466, '... ele deve esperar acontecer as rotações ne', 'F', 96),
(467, '... ele deve esperar pelo menos um rally para', 'V', 96),
(468, '... ele não poderá mais voltar a jogar.', 'F', 96),
(469, 'Também através de uma braçadeira.', 'F', 97),
(470, 'Através de um uniforme de outra cor.', 'F', 97),
(471, 'Através de uma marcação sob o número frontal ', 'V', 97),
(472, 'Através da identificação feita pelo treinador', 'F', 97),
(473, 'Ponto para a equipe que estava sacando.', 'F', 98),
(474, 'Ponto para a equipe que estava recebendo o sa', 'F', 98),
(475, 'É vista a posição da seta para saber quem ira', 'F', 98),
(476, 'Falta dupla e o rally é repetido.', 'V', 98),
(477, 'Ataque vaselina', 'F', 99),
(478, 'Chua', 'F', 99),
(479, 'Largada', 'V', 99),
(480, 'Bandeja', 'F', 99),
(481, 'Manchete', 'F', 100),
(482, 'Largada', 'V', 100),
(483, 'Saque', 'F', 100),
(484, 'Toque', 'F', 100),
(485, 'Haverá um capitão em quadra, sinalizado pelo ', 'V', 101),
(486, 'O capitão da equipe não pode sair da quadra.', 'F', 101),
(487, 'O capitão da equipe muda para outro jogador s', 'F', 101),
(488, 'A equipe adversária ganha um ponto quando des', 'F', 101),
(489, 'Atacar a bola.', 'F', 102),
(490, 'Atacar a bola na zona de frente, também chama', 'F', 102),
(491, 'Atacar a bola na zona de frente, também chama', 'F', 102),
(492, 'Atacar a bola na zona de frente, também chama', 'V', 102),
(493, 'Quando jogador invade propositalmente a quadr', 'F', 103),
(494, 'Quando o levantador está no fundo da quadra e', 'V', 103),
(495, 'Quando o atacante muda de lugar para ir aonde', 'F', 103),
(496, 'Quando o líbero sai e entra outra pessoa no l', 'F', 103),
(497, '2', 'V', 104),
(498, '1', 'F', 104),
(499, '6', 'F', 104),
(500, '5  ', 'F', 104),
(501, '... neutra.', 'F', 105),
(502, '... fora.', 'F', 105),
(503, '... dentro.', 'V', 105),
(504, '... uma bola duvidosa e repete o saque.', 'F', 105),
(505, 'Sim, para recuperar uma bola ele pode invadir', 'F', 106),
(506, 'Sim, para recuperar uma bola ele pode invadir', 'V', 106),
(507, 'Não, sob nenhuma hipótese poderá haver a situ', 'F', 106),
(508, 'Sim, desde que não toque no adversário, ele p', 'F', 106),
(509, '3 medalhas de ouro', 'F', 107),
(510, '4 medalhas de ouro', 'F', 107),
(511, '5 medalhas de ouro', 'V', 107),
(512, '6 medalhas de ouro', 'F', 107),
(513, 'Brasil', 'V', 108),
(514, 'Itália', 'F', 108),
(515, 'Rússia ', 'F', 108),
(516, 'Estados Unidos', 'F', 108),
(517, '5', 'F', 109),
(518, '6', 'F', 109),
(519, '7', 'F', 109),
(520, '0 (treinador não ganha medalhas)', 'V', 109),
(521, ' 40 metros de comprimento e 20 metros de larg', 'V', 110),
(522, ' 44 metros de comprimento e 22 metros de larg', 'F', 110),
(523, ' 46 metros de comprimento e 23 metros de larg', 'F', 110),
(524, ' 50 metros de comprimento e 25 metros de larg', 'F', 110),
(525, '4 centímetros.', 'F', 111),
(526, '5 centímetros.', 'V', 111),
(527, '6 centímetros.', 'F', 111),
(528, '7 centímetros.', 'F', 111),
(529, '4,5 metros da linha central, com uma linha pa', 'V', 112),
(530, '6,5 metros da linha central, com uma linha pa', 'F', 112),
(531, '7 metros da linha central, com uma linha para', 'F', 112),
(532, 'Nenhuma das alternativas.', 'F', 112),
(533, 'Localiza-se a 7 metros da linha central.', 'F', 113),
(534, 'Localiza-se a 1,5 metros da linha pontilhada.', 'F', 113),
(535, 'Localiza-se a 1,5 metros da área do goleiro.', 'F', 113),
(536, 'Localiza-se a 1 metro da área do goliro.', 'V', 113),
(537, '6 metros.', 'V', 114),
(538, '6 metros e 50 centímetros.', 'F', 114),
(539, '7 metros.', 'F', 114),
(540, '7 metros e 50 centímetros.', 'F', 114),
(541, 'É a linha do tiro livre.', 'F', 115),
(542, 'Em seu comprimento total mede 50 centímetros.', 'V', 115),
(543, 'É uma linha tracejada a 3 metros de distancia', 'F', 115),
(544, 'Ambos os seguimentos da linha e os espaços en', 'F', 115),
(545, 'Uma exclusão por 2 minutos ou uma desqualific', 'F', 116),
(546, 'Um tempo técnico for concedido.', 'F', 116),
(547, 'Quando uma equipe extrapola a quantidade de t', 'V', 116),
(548, 'Houver um sinal de apito do cronometrista ou ', 'F', 116),
(549, '1 oficial.', 'F', 117),
(550, '4 oficiais.', 'V', 117),
(551, '6 oficias.', 'F', 117),
(552, '7 oficias.', 'F', 117),
(553, 'Dois tempos técnicos de 45 segundos.', 'F', 118),
(554, 'Três tempos técnicos de 1 minuto.', 'V', 118),
(555, 'Três tempos técnicos de 45 segundos.', 'F', 118),
(556, 'Quatro tempos técnicos de 45 segundos.', 'F', 118),
(557, 'Uma exclusão permanente para o jogador infrat', 'F', 119),
(558, 'Uma exclusão de 2 minutos para o jogador infr', 'V', 119),
(559, 'Um cartão amarelo para o jogador infrator.', 'F', 119),
(560, 'Nenhuma das alternativas.', 'F', 119),
(561, '20 cm de altura nas costas da camisa e 10 cm ', 'V', 120),
(562, '20 cm de altura nas costas da camisa e 12 cm ', 'F', 120),
(563, '22 cm de altura nas costas da camisa  e 10 cm', 'F', 120),
(564, '22 cm de altura nas costas da camisa e 12 cm ', 'F', 120),
(565, '1 a 45.', 'F', 121),
(566, '1 a 50.', 'F', 121),
(567, '1 a 55.', 'F', 121),
(568, '1 a 99.', 'V', 121),
(569, 'Tiro lateral, quando o goleiro do time atacan', 'V', 122),
(570, 'Tiro livre (falta), quando um jogador da equi', 'F', 122),
(571, 'Tiro de 7 metros, quando um jogador da equipe', 'F', 122),
(572, 'Tiro de meta, quando um jogador do equipe ata', 'F', 122),
(573, 'Usar uma mão aberta para tirar a bola da mão ', 'F', 123),
(574, 'Usar o pé para interceptar a bola do adversár', 'V', 123),
(575, 'Usar o tronco para bloquear o adversário na l', 'F', 123),
(576, 'Usar os braços flexionados para fazer contato', 'F', 123),
(577, 'Uma.', 'F', 124),
(578, 'Duas.', 'V', 124),
(579, 'Três.', 'F', 124),
(580, 'Quatro.', 'F', 124),
(581, '1,5 metros.', 'F', 125),
(582, '2 metros.', 'F', 125),
(583, '2,5 metros.', 'F', 125),
(584, '3 metros.', 'V', 125),
(585, 'Dois árbitros assistidos por um secretário e ', 'V', 126),
(586, 'Dois árbitros assistidos por dois secretário ', 'F', 126),
(587, 'Três árbitros assistidos por três secretário ', 'F', 126),
(588, 'Três árbitros assistidos por dois secretário ', 'F', 126),
(589, '2 períodos de 20 minutos cada um. ', 'F', 127),
(590, '2 períodos de 30 minutos cada um. ', 'V', 127),
(591, '2 períodos de 25 minutos cada um. ', 'F', 127),
(592, '3 períodos de 20 minutos cada um. ', 'F', 127),
(593, '6 substituições.', 'F', 128),
(594, '8 substituições.', 'F', 128),
(595, '12 substituições.', 'F', 128),
(596, 'Ilimitadas.', 'V', 128),
(597, '4x2', 'F', 129),
(598, '5x1', 'F', 129),
(599, '3x3', 'F', 129),
(600, '6x0', 'V', 129),
(601, 'Tiro de 7 metros.', 'V', 130),
(602, 'Tiro de meta.', 'F', 130),
(603, 'Falta', 'F', 130),
(604, 'Tiro livre.', 'F', 130),
(605, 'Jogadores de duas equipes cometerem ações ant', 'F', 131),
(606, 'Um jogador fizer falta no árbitro.', 'V', 131),
(607, 'A bola encostar o teto ou objeto fixado sobre', 'F', 131),
(608, 'O jogo é interrompido sem que tenha acontecid', 'F', 131),
(609, 'É obrigatório os dois pés estarem posicionado', 'F', 132),
(610, 'Não pode pisar com os pés na linha lateral.', 'F', 132),
(611, 'Um pé deve estar sobre a linha lateral.', 'V', 132),
(612, 'É indiferente o posicionamentos dos pés. ', 'F', 132),
(613, 'Tocar a bola que está parada ou rolando no so', 'F', 133),
(614, 'Reentrar na área de gol vindo da área de jogo', 'F', 133),
(615, 'Levar a bola para dentro da área de gol quand', 'F', 133),
(616, 'Sair da área de gol sem a bola, e jogar na ar', 'V', 133),
(617, 'Drible.', 'V', 134),
(618, 'Finta.', 'F', 134),
(619, 'Passe.', 'F', 134),
(620, 'Quique.', 'F', 134),
(621, '2 passos.', 'F', 135),
(622, '3 passos.', 'V', 135),
(623, '4 passos.', 'F', 135),
(624, 'Não é permitido caminhar com a bola na mão.', 'F', 135),
(625, 'Pivô.', 'F', 136),
(626, 'Pontas.', 'F', 136),
(627, 'Goleiro.', 'V', 136),
(628, 'Armadores.', 'F', 136),
(629, 'Validado gol, se a bola entrar na baliza.', 'F', 137),
(630, 'Concedido uma falta, se a bola ficar dentro d', 'F', 137),
(631, 'Concedido um tiro de escanteio, se a bola sai', 'F', 137),
(632, 'Concedido um tiro de 7 metros, se qualquer jo', 'V', 137),
(633, 'Tocar a bola mais de uma vez depois que ela f', 'V', 138),
(634, 'Quicar a bola uma vez e agarrá-la novamente c', 'F', 138),
(635, 'Quicar a bola repetidamente com uma mão (drib', 'F', 138),
(636, 'Rolar a bola sobre o solo repetidamente com u', 'F', 138),
(637, 'A parte do corpo contra a qual é dirigida a a', 'F', 139),
(638, 'A postura do jogador infrator.', 'V', 139),
(639, 'A dinâmica da ação ilegal.', 'F', 139),
(640, 'O efeito da ação ilegal.', 'F', 139),
(641, '12 jogadores, sendo 7 titulares e 5 reservas.', 'F', 140),
(642, '14 jogadores, sendo 7 titulares e 7 reservas.', 'F', 140),
(643, '15 jogadores, sendo 7 titulares e 8 reservas.', 'F', 140),
(644, '16 jogadores, sendo 7 titulares e 9 reservas.', 'V', 140),
(645, 'Tiro livre.', 'F', 141),
(646, 'Tiro de canto.', 'F', 141),
(647, 'Tiro lateral', 'F', 141),
(648, 'Tiro de meta', 'V', 141),
(649, 'Tiro de canto.', 'V', 142),
(650, 'Tiro de meta.', 'F', 142),
(651, 'Tiro livre.', 'F', 142),
(652, 'Tiro lateral.', 'F', 142),
(653, 'Através de um tiro de lateral, na lateral mai', 'F', 143),
(654, 'Através de um tiro livre, executado do lugar ', 'V', 143),
(655, 'Através de um tiro livre, da linha pontilhada', 'F', 143),
(656, 'Através de um tiro de saída da linha central ', 'F', 143),
(657, 'Manter a bola em posse sem realizar nenhuma t', 'F', 144),
(658, 'Manter a bola em posse sem realizar nenhuma t', 'F', 144),
(659, 'Manter a bola em posse sem realizar nenhuma t', 'V', 144),
(660, 'Manter a bola em posse sem realizar nenhuma t', 'F', 144),
(661, 'A bola ultrapassar completamente a linha do g', 'V', 145),
(662, 'A bola juntamente do jogador obrigatoriamente', 'F', 145),
(663, 'A bola for arremessada sem precisar ultrapass', 'F', 145),
(664, 'Apenas quando a bola tocar em uma das balizas', 'F', 145),
(665, 'Perdeu o sorteio de saída de bola.', 'F', 146),
(666, 'Ganhou o sorteio e escolheu o lado da quadra ', 'F', 146),
(667, 'Ganhou o sorteio e escolheu começar com posse', 'V', 146),
(668, 'Ganhou o sorteio e escolheu o lado da quadra ', 'F', 146),
(669, 'Fez o gol.', 'F', 147),
(670, 'Sofreu o gol.', 'V', 147),
(671, 'Ganhou um novo sorteio realizado pela saída d', 'F', 147),
(672, 'Perdeu um novo sorteio realizado pela saída d', 'F', 147),
(673, 'Para frente do centro da quadra de jogo.', 'F', 148),
(674, 'Para trás do centro da quadra de jogo.', 'F', 148),
(675, 'Para as laterais do centro da quadra de jogo.', 'F', 148),
(676, 'Para qualquer direção do centro da quadra de ', 'V', 148),
(677, '2 segundos.', 'F', 149),
(678, '3 segundos.', 'V', 149),
(679, '4 segundos.', 'F', 149),
(680, '5 segundos.', 'F', 149),
(681, 'Com pelo menos um pé em contato coma linha ce', 'V', 150),
(682, 'Obrigatóriamente com os dois pés em contato c', 'F', 150),
(683, 'Sem precisar ter nenhum dos pés em contato co', 'F', 150),
(684, 'Com os dois pés e uma das mãos em contato com', 'F', 150),
(685, '1 metro.', 'F', 151),
(686, '3 metros.', 'V', 151),
(687, '5 metros.', 'F', 151),
(688, '10 metros.', 'F', 151),
(689, '4 atletas.', 'F', 152),
(690, '5 atletas.', 'V', 152),
(691, '6 atletas.', 'F', 152),
(692, '7 atletas.', 'F', 152),
(693, '4 atletas.', 'F', 153),
(694, '5 atletas.', 'F', 153),
(695, '7 atletas.', 'F', 153),
(696, 'os árbitros são responsáveis por julgarem se ', 'V', 153),
(697, 'A bola, juntamente com o jogador, ultrapassar', 'F', 154),
(698, 'O jogador pisar fora da quadra, mesmo com a b', 'F', 154),
(699, 'A bola, estando ou não sobre posse de algum j', 'V', 154),
(700, 'A bola cruzar parte da linha lateral, estando', 'F', 154),
(701, '10 metros para frente de onde a bola cruzou a', 'F', 155),
(702, '10 metros para trás de onde a bola cruzou a l', 'F', 155),
(703, 'O jogador escolhe onde quer cobrar.', 'F', 155),
(704, 'Do mesmo lugar onde a bola cruzou a linha lat', 'V', 155),
(705, '1 metro', 'F', 156),
(706, '2 metros.', 'F', 156),
(707, '3 metros.', 'V', 156),
(708, '5 metros.', 'F', 156),
(709, 'Tiro livre.', 'F', 157),
(710, 'Tiro lateral.', 'F', 157),
(711, 'Saída de bola.', 'F', 157),
(712, 'Tiro de meta.', 'V', 157),
(713, 'Goleiro.', 'V', 158),
(714, 'Ponteiro.', 'F', 158),
(715, 'Armador.', 'F', 158),
(716, 'Pivô.', 'F', 158),
(717, 'A bola ultrapassar completamente a linha cent', 'F', 159),
(718, 'A bola ultrapassar completamente a linha de t', 'F', 159),
(719, 'A bola ultrapassar completamente a linha da á', 'V', 159),
(720, 'A bola chegar do outro lado da quadra.', 'F', 159),
(721, 'Linha lateral.', 'F', 160),
(722, 'Linha dos 7 metros.', 'F', 160),
(723, 'Linha da área de gol.', 'F', 160),
(724, 'Linha pontilhada.', 'V', 160),
(725, 'Quando o jogador tocar na bola com os pés.', 'F', 161),
(726, 'Quando o jogador maneja a bola irregularmente', 'F', 161),
(727, 'Quando o jogador errar um passe.', 'V', 161),
(728, 'Quando o jogador dá mais de três passos com a', 'F', 161),
(729, '3 metros.', 'V', 162),
(730, '4 metros.', 'F', 162),
(731, '5 metros.', 'F', 162),
(732, '10 metros.', 'F', 162),
(733, 'Quando o jogador agarra o adversário para imp', 'F', 163),
(734, 'Quando o jogador lança intencionalmente a bol', 'F', 163),
(735, 'Quando houver um apito não justificado no mom', 'F', 163),
(736, 'Quando o goleiro sair de sua área.', 'V', 163),
(737, '2 segundos.', 'F', 164),
(738, '3 segundos.', 'V', 164),
(739, '4 segundos.', 'F', 164),
(740, '5 segundos.', 'F', 164),
(741, 'Dentro da área de ataque.', 'F', 165),
(742, 'Dentro da área de defesa.', 'F', 165),
(743, 'Fora da linha de tiro livre (pontilhada).', 'V', 165),
(744, 'Entre a linha de tiro livre e a área de gol.', 'F', 165),
(745, 'O tiro de 7 metros deverá ser recobrado nos c', 'V', 166),
(746, 'O tiro de 7 metros deverá ser recobrado, mesm', 'F', 166),
(747, 'O tiro de 7 metros é invalidado e não é recob', 'F', 166),
(748, 'O tiro de 7 metros é revertido à outra equipe', 'F', 166),
(749, 'Nos casos de um tiro de saída e tiro de 7 met', 'V', 167),
(750, 'Nos casos de tiro lateral e tiro de meta.', 'F', 167),
(751, 'Nos casos de tiro de meta e tiro livre.', 'F', 167),
(752, 'Nos casos de tiro livre e tiro de sete metros', 'F', 167),
(753, 'O periodo do jogo em que foi desqualificado, ', 'F', 168),
(754, 'A partida e o número de jogadores na quadra  ', 'F', 168),
(755, 'A partida e o número de jogadores na quadra s', 'V', 168),
(756, '2 minutos podendo retornar após o cumprimento', 'F', 168),
(757, 'Uma dvertência.', 'V', 169),
(758, 'Duas advertências.', 'F', 169),
(759, 'Três advertências.', 'F', 169),
(760, 'Cartões amarelos são aplicados apenas para me', 'F', 169),
(761, '2 minutos.', 'V', 170),
(762, '3 minutos.', 'F', 170),
(763, '5 minutos.', 'F', 170),
(764, '10 minutos.', 'F', 170),
(765, '1 exclusão.', 'F', 171),
(766, '2 exclusões.', 'F', 171),
(767, '3 exclusões.', 'V', 171),
(768, '4 exclusões.', 'F', 171),
(769, 'Dois árbitros de igual autoridade acompanhado', 'V', 172),
(770, 'Um árbitro acompanhado por um cronometrista.', 'F', 172),
(771, 'Um árbitro acompanhado por dois bandeirinhas ', 'F', 172),
(772, 'Três árbitros acompanhados por dois cronometr', 'F', 172),
(773, 'Amarelo.', 'F', 173),
(774, 'Azul.', 'F', 173),
(775, 'Vermelho.', 'F', 173),
(776, 'Preto.', 'V', 173),
(777, 'Espanha.', 'F', 174),
(778, 'França.', 'F', 174),
(779, 'Alemanha.', 'V', 174),
(780, 'Rússia.', 'F', 174),
(781, 'Berlim, 1936.', 'V', 175),
(782, 'Londres, 1948.', 'F', 175),
(783, 'Helsinque, 1952.', 'F', 175),
(784, 'Melbourne, 1956.', 'F', 175),
(785, '1 medalha.', 'F', 176),
(786, '2 medalhas.', 'F', 176),
(787, '4 medalhas.', 'F', 176),
(788, 'Nenhuma medalha.', 'V', 176),
(789, 'WHF (World Handball Federation)', 'F', 177),
(790, 'IHF (International Handball Federation)', 'V', 177),
(791, 'WAH (World Association of Handball)', 'F', 177),
(792, 'FH (Federation of Handball)', 'F', 177),
(793, '1899.', 'F', 178),
(794, '1919.', 'V', 178),
(795, '1922.', 'F', 178),
(796, '1936.', 'F', 178),
(797, 'Bastian Schweinsteiger.', 'F', 179),
(798, 'Mario Muller.', 'F', 179),
(799, 'Mesut Ozil.', 'F', 179),
(800, 'Karl Schelenz.', 'V', 179),
(801, 'Armador.', 'F', 180),
(802, 'Pivô.', 'V', 180),
(803, 'Goleiro.', 'F', 180),
(804, 'Ponteiro.', 'F', 180),
(805, 'Armador.', 'F', 181),
(806, 'Pivô.', 'F', 181),
(807, 'Goleiro.', 'V', 181),
(808, 'Ponteiro.', 'F', 181),
(809, 'Armador.', 'V', 182),
(810, 'Pivô.', 'F', 182),
(811, 'Goleiro.', 'F', 182),
(812, 'Ponteiro.', 'F', 182),
(813, 'Armador.', 'F', 183),
(814, 'Pivô.', 'F', 183),
(815, 'Goleiro.', 'F', 183),
(816, 'Ponteiro.', 'V', 183),
(817, 'Armador direita.', 'F', 184),
(818, 'Pivô.', 'F', 184),
(819, 'Armador central.', 'V', 184),
(820, 'Ponteira Esquerda.', 'F', 184),
(821, 'Ponteiro.', 'F', 185),
(822, 'Ala.', 'V', 185),
(823, 'Armador.', 'F', 185),
(824, 'Pivô.', 'F', 185),
(825, 'Passe em pronação.', 'F', 186),
(826, 'Passe de ombro.', 'V', 186),
(827, 'Passe por trás do corpo.', 'F', 186),
(828, 'Passe por trás da cabeça.', 'F', 186),
(829, 'Arremesso.', 'F', 187),
(830, 'Passe.', 'V', 187),
(831, 'Recepção.', 'F', 187),
(832, 'Drible.', 'F', 187),
(833, 'Passe.', 'F', 188),
(834, 'Amortecimento.', 'F', 188),
(835, 'Recepção.', 'V', 188),
(836, 'Finta.', 'F', 188),
(837, 'Controle de Bola.', 'F', 189),
(838, 'Empunhadura.', 'V', 189),
(839, 'Recepção.', 'F', 189),
(840, 'Drible.', 'F', 189),
(841, 'Arremesso.', 'V', 190),
(842, 'Finta.', 'F', 190),
(843, 'Cruzamento.', 'F', 190),
(844, 'Passe.', 'F', 190),
(845, 'Drible.', 'F', 191),
(846, 'Controle de Bola.', 'F', 191),
(847, 'Finta.', 'F', 191),
(848, 'Progressão.', 'V', 191),
(849, 'Finta.', 'F', 192),
(850, 'Drible.', 'V', 192),
(851, 'Batida.', 'F', 192),
(852, 'Empunhadura.', 'F', 192),
(853, 'Passe.', 'F', 193),
(854, 'Finta.', 'V', 193),
(855, 'Cruzamento.', 'F', 193),
(856, 'Arremesso.', 'F', 193),
(857, 'Com o pé direito.', 'F', 194),
(858, 'Com o pé esquerdo.', 'V', 194),
(859, 'Indiferente o pé que inicia as passadas.', 'F', 194),
(860, 'Com ambos os pés.', 'F', 194),
(861, 'Arremesso em suspensão.', 'F', 195),
(862, 'arremesso com finta.', 'V', 195),
(863, 'Arremesso em apoio.', 'F', 195),
(864, 'Arremesso com queda.', 'F', 195),
(865, 'Os braços estão estendidos de maneira que não', 'F', 196),
(866, 'Segurar a bola com as duas mãos.', 'V', 196),
(867, 'Segurar a bola apenas com os dedos.', 'F', 196),
(868, 'A mão não estar em forma de “concha”.', 'F', 196),
(869, 'Perna que vai à frente a mesma do braço de la', 'F', 197),
(870, 'Não flexionar o pulso.', 'F', 197),
(871, 'Cotovelo na linha do ombro.', 'V', 197),
(872, 'Cotovelo flexionado no momento do passe sem e', 'F', 197),
(873, 'Um passo.', 'F', 198),
(874, 'Dois passos.', 'F', 198),
(875, 'Quatros passos.', 'F', 198),
(876, 'Número ilimitados de passos.', 'V', 198),
(877, 'Driblar a bola pegar na mão e briblar novamen', 'V', 199),
(878, 'Driblar duas vezes a bola.', 'F', 199),
(879, 'Invadir a área adversária.', 'F', 199),
(880, 'Dar duas passadas com a mesma perna na moment', 'F', 199),
(881, 'Olhos na bola.', 'F', 200),
(882, 'Receber a bola com uma das mãos.', 'V', 200),
(883, 'Ir ao encontro da bola.', 'F', 200),
(884, 'Amortecer ligeiramente os braços para absorve', 'F', 200),
(885, ' Perna contrária à do braço do passe deve est', 'F', 201),
(886, 'O braço que realizará o passe deve estar flex', 'F', 201),
(887, 'A mesma perna ao braço do passe deve estar li', 'V', 201),
(888, 'Palma da mão apontando para direção do passe ', 'F', 201),
(889, 'Alta: acima dos olhos.', 'F', 202),
(890, 'Média: na altura do umbigo.  ', 'F', 202),
(891, 'Baixa: somente bolas junto ao solo.', 'F', 202),
(892, ' Alta: acima da cabeça.', 'V', 202),
(893, 'No momento do arremesso não há nenhum tipo', 'V', 203),
(894, 'Após a bola ter deixado a mão do arremessa', 'F', 203),
(895, 'No momento do arremesso um dos pés do arre', 'F', 203),
(896, 'Após a bola ter deixado a mão do arremessa', 'F', 203),
(897, 'Arremesso em suspensão.', 'F', 204),
(898, 'Arremesso apoiado.', 'V', 204),
(899, 'Arremesso com queda.', 'F', 204),
(900, 'Arremesso com rolamento.', 'F', 204),
(901, 'Talant Dujshebaev.', 'F', 205),
(902, 'Gabriel Medina.', 'F', 205),
(903, 'Andreï Lavrov.', 'F', 205),
(904, 'Magnus Wislander.', 'V', 205),
(905, 'Marcar mais gols que o adversário.', 'V', 206),
(906, 'Rebater a bola.', 'F', 206),
(907, 'Fazer com que a bola toque no chão adversá', 'F', 206),
(908, 'Acertar a cesta, fora do garrafão.', 'F', 206),
(909, 'Brasil.', 'F', 207),
(910, 'França.', 'V', 207),
(911, 'Iugoslávia.', 'F', 207),
(912, 'Chile', 'F', 207),
(913, 'Cristina Neagu.', 'F', 208),
(914, 'Fernanda da Silva.', 'F', 208),
(915, 'Alexandra Nascimento.', 'F', 208),
(916, 'Duda Amorim.', 'V', 208),
(917, 'Rádio', 'V', 209),
(918, 'Tíbia', 'F', 209),
(919, 'Fíbula', 'F', 209),
(920, 'Ísqueo', 'F', 209),
(921, 'Pubis', 'F', 210),
(922, 'Fêmur', 'V', 210),
(923, 'Crista ilíaca', 'F', 210),
(924, 'Ísqueo', 'F', 210),
(925, 'Auxilia na sustentação e na portura do corpo', 'F', 211),
(926, 'Protege o sistema nervoso periférico', 'F', 211),
(927, 'Protege os orgão vitais', 'V', 211),
(928, 'Sustenta os músculos dorsais', 'F', 211),
(929, 'Úmero', 'F', 212),
(930, 'Falange', 'F', 212),
(931, 'Frontal', 'F', 212),
(932, 'Adutor', 'V', 212),
(933, '206', 'V', 213),
(934, '216', 'F', 213),
(935, '276', 'F', 213),
(936, '296', 'F', 213),
(937, 'Cervical', 'F', 214),
(938, 'Parietal', 'V', 214),
(939, 'Torácica', 'F', 214),
(940, 'Dorsal', 'F', 214),
(941, '5', 'F', 215),
(942, '6', 'F', 215),
(943, '7', 'V', 215),
(944, '8', 'F', 215),
(945, '15', 'F', 216),
(946, '14', 'F', 216),
(947, '13', 'F', 216),
(948, '12', 'V', 216),
(949, '5', 'V', 217),
(950, '4', 'F', 217),
(951, '6', 'F', 217),
(952, '3', 'F', 217),
(953, '3', 'F', 218),
(954, '4', 'V', 218),
(955, '5', 'F', 218),
(956, '6', 'F', 218),
(957, 'Atlas e Axis', 'F', 219),
(958, 'Sacro e Cóccix', 'F', 219),
(959, 'Lombar e Sacro-Coccígea', 'V', 219),
(960, 'Cervical e Axial', 'F', 219),
(961, 'Protege a medula e os nervos espinhais', 'F', 220),
(962, 'Exerce um papel importante na postura e na lo', 'F', 220),
(963, 'Suporta o peso corporal', 'F', 220),
(964, 'Auxilia no processo de respiração', 'V', 220),
(965, 'A escoliose é uma curvatura acentuada na regi', 'V', 221),
(966, 'A Hiperlordose é uma curvatura acentuada na r', 'F', 221),
(967, 'A Hipercifose é um desvio postural também con', 'F', 221),
(968, 'A escoliose é uma curvatura em formato de S', 'F', 221),
(969, 'Fêmur', 'F', 222),
(970, 'Ulna', 'V', 222),
(971, 'Tíbia', 'F', 222),
(972, 'Fíbula', 'F', 222),
(973, 'Quadríceps', 'F', 223),
(974, 'Tríceps', 'F', 223),
(975, 'Monóide', 'V', 223),
(976, 'Deltóide', 'F', 223),
(977, 'Adutores', 'F', 224),
(978, 'Abdutores', 'F', 224),
(979, 'Bíceps', 'F', 224),
(980, 'Diafragma', 'V', 224),
(981, 'Estabilização das posições do corpo e postura', 'V', 225),
(982, 'Ajuda o sistema nervoso periférico a funciona', 'F', 225),
(983, 'Auxilia no processo da pequena circulação', 'F', 225),
(984, 'Protege os principais orgãos vitais', 'F', 225),
(985, 'Dorsal', 'F', 226),
(986, 'Quadríceps', 'V', 226),
(987, 'Bíceps', 'F', 226),
(988, 'Lombares', 'F', 226),
(989, 'Produção dos movimentos corporais', 'F', 227),
(990, 'Produção de calor', 'F', 227),
(991, 'Controlar o volume sistólico', 'V', 227),
(992, 'Movimentação de substâncias dentro do corpo', 'F', 227),
(993, 'Peitoral', 'F', 228),
(994, 'Dorsal', 'F', 228),
(995, 'Bíceps Femoral', 'F', 228),
(996, 'Deltóide', 'V', 228),
(997, 'Peitoral', 'V', 229),
(998, 'Quadríceps', 'F', 229),
(999, 'Glúteo', 'F', 229),
(1000, 'Quadrado Lombar', 'F', 229),
(1001, 'Diafragma', 'F', 230),
(1002, 'Quadríceps', 'V', 230),
(1003, 'Tríceps', 'F', 230),
(1004, 'Rombóides', 'F', 230),
(1005, 'Gastrocnêmio', 'F', 231),
(1006, 'Flexores do dedo', 'F', 231),
(1007, 'Trapézio', 'V', 231),
(1008, 'Abdutores', 'F', 231),
(1009, 'Adutores', 'F', 232),
(1010, 'Rombóides', 'F', 232),
(1011, 'Vasto Lateral', 'F', 232),
(1012, 'Bíceps', 'V', 232),
(1013, 'Dorsal', 'V', 233),
(1014, 'Glúteo', 'F', 233),
(1015, 'Vasto Medial', 'F', 233),
(1016, 'Abdome', 'F', 233),
(1017, 'Quadríceps', 'F', 234),
(1018, 'Bíceps Femoral', 'V', 234),
(1019, 'Tríceps', 'F', 234),
(1020, 'Coifa dos Rotadores', 'F', 234),
(1021, 'Abdmoe', 'F', 235),
(1022, 'Lombares', 'F', 235),
(1023, 'Tríceps', 'V', 235),
(1024, 'Peitoral', 'F', 235),
(1025, 'Trapézio', 'F', 236),
(1026, 'Coifa dos Rotadores', 'F', 236),
(1027, 'Dorsal', 'F', 236),
(1028, 'Abdome', 'V', 236),
(1029, 'Bíceps', 'V', 237),
(1030, 'Oblíquo interno', 'F', 237),
(1031, 'Lombares', 'F', 237),
(1032, 'Semitendinoso', 'F', 237),
(1033, 'Reto Femoral', 'F', 238),
(1034, 'Dorsal', 'V', 238),
(1035, 'Vasto Lateral', 'F', 238),
(1036, 'Gastrocnêmio', 'F', 238),
(1037, 'Vasto Medial', 'F', 239),
(1038, 'Vasto Lateral', 'F', 239),
(1039, 'Vasto Frontal', 'V', 239),
(1040, 'Reto Femoral', 'F', 239),
(1041, '2 - Superior e Inferior', 'F', 240),
(1042, '4 - Superior, Inferior, Externo e Interno', 'F', 240),
(1043, 'Não possui divisão', 'F', 240),
(1044, '3 - Superior, Médio e Inferior', 'V', 240),
(1045, '3 - Anterior, Médio e Posterior', 'V', 241),
(1046, '3 - Superior, Médio e Inferior', 'F', 241),
(1047, '2 - Interno e Externo', 'F', 241),
(1048, '2 - Grande e Pequeno', 'F', 241),
(1049, 'Pescoço', 'F', 242),
(1050, 'Panturrilha', 'V', 242),
(1051, 'Peito', 'F', 242),
(1052, 'Pé', 'F', 242),
(1053, 'Obliquo externo', 'F', 243),
(1054, 'Lombares', 'F', 243),
(1055, 'Peito', 'V', 243),
(1056, 'Adutores', 'F', 243),
(1057, 'Gêmeos', 'F', 244),
(1058, 'Rombóides', 'F', 244),
(1059, 'Trapézio', 'F', 244),
(1060, 'Quadríceps', 'V', 244),
(1061, 'Deltóide', 'V', 245),
(1062, 'Abdutores', 'F', 245),
(1063, 'Diadragma', 'F', 245),
(1064, 'Transverso Abdominal', 'F', 245),
(1065, 'Semimembranoso', 'F', 246),
(1066, 'Tríceps', 'V', 246),
(1067, 'Semitendinoso', 'F', 246),
(1068, 'Lombares', 'F', 246),
(1069, 'Abdome', 'F', 247),
(1070, 'Flexores do dedo', 'F', 247),
(1071, 'Rombóides', 'V', 247),
(1072, 'Peitoral', 'F', 247),
(1073, 'Tríceps', 'F', 248),
(1074, 'Trapézio', 'F', 248),
(1075, 'Deltóide', 'F', 248),
(1076, 'Glúteo', 'V', 248),
(1077, 'Peitoral', 'V', 249),
(1078, 'Trapézio', 'F', 249),
(1079, 'Dorsal', 'F', 249),
(1080, 'Lombar', 'F', 249),
(1081, 'Deltóide', 'F', 250),
(1082, 'Quadríceps', 'V', 250),
(1083, 'Rombóides', 'F', 250),
(1084, 'Coifa dos Rotadores', 'F', 250),
(1085, 'Longos', 'F', 251),
(1086, 'Curtos', 'F', 251),
(1087, 'Retos', 'V', 251),
(1088, 'Irregulares', 'F', 251),
(1089, 'Crânio, Caixa torácica e Coluna vertebral', 'F', 252),
(1090, 'Cintura pélvica e escapular', 'F', 252),
(1091, 'Cartilagens e articulações', 'F', 252),
(1092, 'Extremidades superiores e inferiores e as cin', 'V', 252),
(1093, 'Articulação', 'V', 253),
(1094, 'Músculo', 'F', 253),
(1095, 'Cartilagens', 'F', 253),
(1096, 'Ligamentos', 'F', 253),
(1097, 'Joelho', 'F', 254),
(1098, 'Antebraço', 'V', 254),
(1099, 'Coluna Vertebral', 'F', 254),
(1100, 'Cotovelo', 'F', 254),
(1101, 'É toda atividade com dispêndio calórico acima', 'F', 255),
(1102, 'É toda atividade física planejada e com objet', 'F', 255),
(1103, 'É tudo aquilo que pode ser treinado no nosso ', 'V', 255),
(1104, 'É conseguir realizar atividades do cotidiano ', 'F', 255),
(1105, 'Equilíbrio', 'F', 256),
(1106, 'Agilidade', 'F', 256),
(1107, 'Coordenação', 'F', 256),
(1108, 'Alongamento', 'V', 256),
(1109, 'É a capacidade de realizar movimentos em cert', 'V', 257),
(1110, 'É a capacidade de estender a musculatura até ', 'F', 257),
(1111, 'É a capacidade de elevar o tônus muscular e a', 'F', 257),
(1112, 'É a capacidade de produzir movimentos com pou', 'F', 257),
(1113, 'Resistência Estática', 'F', 258),
(1114, 'Resistência Muscular Localizada', 'V', 258),
(1115, 'Resistência de Velocidade', 'F', 258),
(1116, 'Resistência Geral', 'F', 258),
(1117, 'Geral e Específica', 'F', 259),
(1118, 'Centrífuga e Centrípeta', 'F', 259),
(1119, 'Deslocamento e Reação', 'V', 259),
(1120, 'Dinâmica e Constante', 'F', 259),
(1121, 'Composição corporal', 'F', 260),
(1122, 'Frequência Cardíaca', 'F', 260),
(1123, 'Força', 'V', 260),
(1124, 'Saltos', 'F', 260),
(1125, 'Não existe diferença', 'F', 261),
(1126, 'A flexibilidade está relacionada aos atletas ', 'F', 261),
(1127, 'A flexibilidade está relacionada com exercíci', 'F', 261),
(1128, 'A flexibilidade está relacionada com as artic', 'V', 261),
(1129, 'O tempo de esforço físico muscular na resistê', 'V', 262),
(1130, 'Na resistência aeróbica conseguimos produzir ', 'F', 262),
(1131, 'Na resistência anaeróbica conseguimos ter uma', 'F', 262),
(1132, 'A intensidade do exercício é semelhante nos d', 'F', 262),
(1133, 'Especificidade', 'F', 263),
(1134, 'Individualidade', 'V', 263),
(1135, 'Relação Volume-Intesidade', 'F', 263),
(1136, 'Sobrecarga', 'F', 263),
(1137, 'Reversibilidade', 'F', 264),
(1138, 'Continuidade', 'F', 264),
(1139, 'Adaptação', 'V', 264),
(1140, 'Sobrecarga', 'F', 264),
(1141, 'Relação Volume-Intensidade', 'F', 265),
(1142, 'Adaptação', 'F', 265),
(1143, 'Reversibilidade', 'F', 265),
(1144, 'Especificidade', 'V', 265),
(1145, 'Sobrecarga', 'V', 266),
(1146, 'Adaptação', 'F', 266),
(1147, 'Especificidade', 'F', 266),
(1148, 'Individualidade', 'F', 266),
(1149, 'Relação Volume-Intensidade', 'F', 267),
(1150, 'Continuidade', 'V', 267),
(1151, 'Individualidade', 'F', 267),
(1152, 'Sobrecarga', 'F', 267),
(1153, 'Reversibilidade', 'F', 268),
(1154, 'Relação Volume-Intensidade', 'F', 268),
(1155, 'Instabilidade', 'V', 268),
(1156, 'Variabilidade', 'F', 268),
(1157, 'Emagrecer', 'F', 269),
(1158, 'Limpeza do sistema linfático', 'F', 269),
(1159, 'Funcionamento do sistema circulatório', 'F', 269),
(1160, 'Controle da temperatura corporal', 'V', 269),
(1161, 'Bebidas Hidroeletrolíticas', 'V', 270),
(1162, 'Bebidas Energéticas', 'F', 270),
(1163, 'Bebidas Isotônicas', 'F', 270),
(1164, 'Água', 'F', 270),
(1165, 'Aumento da frequência cardíaca', 'F', 271),
(1166, 'Enrijecimento das articulações', 'V', 271),
(1167, 'Fadiga prematura', 'F', 271),
(1168, 'Elevada temperatura corporal', 'F', 271),
(1169, '30 minutos', 'F', 272),
(1170, '60 minutos', 'F', 272),
(1171, '15 minutos', 'V', 272),
(1172, '5 minutos', 'F', 272),
(1173, 'Doenças respiratórias', 'F', 273),
(1174, 'Problemas articulares', 'F', 273),
(1175, 'Excesso de ácido úrico', 'F', 273),
(1176, 'Elevada gordura corporal', 'V', 273),
(1177, 'Hiponatremia', 'V', 274),
(1178, 'Hipotireoidismo', 'F', 274),
(1179, 'Hipocondria', 'F', 274),
(1180, 'Hipoglicemia', 'F', 274),
(1181, 'Bulimia nervosa', 'F', 275),
(1182, 'Anorexia', 'V', 275),
(1183, 'Compulsão alimentar', 'F', 275),
(1184, 'Vigorexia', 'F', 275),
(1185, 'Comer grande quantidade de comida em curto es', 'F', 276),
(1186, 'autoestima e valor é baseado pela sua forma c', 'F', 276),
(1187, 'Peso corporal abaixo do indicado para a saúde', 'V', 276),
(1188, 'Livrar-se das calorias que comeu através de l', 'F', 276),
(1189, 'Proteínas', 'F', 277),
(1190, 'Lipídios', 'F', 277),
(1191, 'Vegetais', 'F', 277),
(1192, 'Carboidratos', 'V', 277),
(1193, 'Proteínas e Carboidratos', 'V', 278),
(1194, 'Carboidratos e Lipídios', 'F', 278),
(1195, 'Proteínas e Lipídios', 'F', 278),
(1196, 'Carboidratos e Frutas', 'F', 278),
(1197, 'Não existe diferença pois ambos são para aume', 'F', 279),
(1198, 'Os suplementos são extraídos de alimentos par', 'V', 279),
(1199, 'Os suplementos servem para o aumento da secçã', 'F', 279),
(1200, 'Apenas os anabolizantes podem causar problema', 'F', 279),
(1201, 'Infertilidade', 'F', 280),
(1202, 'Hipertensão', 'F', 280),
(1203, 'Asma', 'V', 280),
(1204, 'Câncer de fígado', 'F', 280),
(1205, 'Hidroginástica pois estar no meio aquático e ', 'F', 281),
(1206, 'Natação em ambientes fechados pois ela deve f', 'F', 281),
(1207, 'Atividade física do seu gosto pois ela deve a', 'F', 281),
(1208, 'Corridas ou caminhadas pois ela precisa de ex', 'V', 281),
(1209, 'Menarca precoce', 'V', 282),
(1210, 'Tabagismo', 'F', 282),
(1211, 'Consumo abusivo de álcool', 'F', 282),
(1212, 'Etnia negra', 'F', 282),
(1213, 'Câncer de cólon', 'F', 283),
(1214, 'Pneumonia', 'V', 283),
(1215, 'Osteoporose', 'F', 283),
(1216, 'Fibromialgia', 'F', 283),
(1217, 'Carboidrato', 'F', 284),
(1218, 'Aminoacidos', 'F', 284),
(1219, 'Gordura', 'V', 284),
(1220, 'Esteróides', 'F', 284),
(1221, 'Nenhum', 'F', 285),
(1222, 'Diabetes gestacional', 'F', 285),
(1223, 'Diabetes tipo 1', 'F', 285),
(1224, 'Diabetes tipo 2', 'V', 285),
(1225, 'Aumento da pressão arterial', 'F', 286),
(1226, 'Elevação do número de batimentos cardíacos.', 'F', 286),
(1227, 'Diminuição do número de batimentos cardíacos.', 'V', 286),
(1228, 'Não há consequência em realizar treinos aerób', 'F', 286),
(1229, 'Transportar o sangue do coração aos órgãos', 'V', 287),
(1230, 'Transportar o sangue dos órgãos até o coração', 'F', 287),
(1231, 'Não há função definida para as artérias', 'F', 287),
(1232, 'Artéria e veias, são sinônimos e têm a mesma ', 'F', 287),
(1233, 'Transportar o sangue do coração aos órgãos.', 'F', 288),
(1234, 'Transportar o sangue dos órgãos até o coração', 'V', 288),
(1235, 'Não há função definida para as artérias.', 'F', 288),
(1236, 'Artéria e veias, são sinônimos e têm a mesma ', 'F', 288),
(1237, 'Índice de massa corporal', 'F', 289),
(1238, 'Ressonância Magnética', 'F', 289),
(1239, 'Dobras cutâneas', 'F', 289),
(1240, 'Dissecação de cadáver', 'V', 289),
(1241, 'Dexa', 'F', 290),
(1242, 'Dissecação de cadáver', 'F', 290),
(1243, 'Antropometria', 'V', 290),
(1244, 'Pesagem hidrostática', 'F', 290),
(1245, 'Doenças renais', 'F', 291),
(1246, 'Doenças pulmonares', 'F', 291),
(1247, 'Doenças neurológicas', 'F', 291),
(1248, 'Doenças coronarianas', 'V', 291),
(1249, 'Aids', 'F', 292),
(1250, 'Hipertensão', 'V', 292),
(1251, 'Cirrose', 'F', 292),
(1252, 'Câncer de pele', 'F', 292),
(1253, 'Perder peso é diminuir peso na balança, emagr', 'V', 293),
(1254, 'Perder peso é diminuiro a gordura corporal, e', 'F', 293),
(1255, 'Perder peso e emagrecer são sinônimos.', 'F', 293),
(1256, 'Perder peso é diminuir líquidos corporais e e', 'F', 293),
(1257, 'Abaixo de 17,5kg/m2.', 'F', 294),
(1258, 'Abaixo de 20,0kg/m2.', 'F', 294),
(1259, 'Abaixo de 18,5kg/m2.', 'V', 294),
(1260, 'Abaixo de 24,4kg/m2.', 'F', 294),
(1261, 'Normal', 'F', 295),
(1262, 'Desnutrido', 'F', 295),
(1263, 'Sobrepeso', 'V', 295),
(1264, 'Obesidade', 'F', 295),
(1265, 'A minha frequência cardíaca tende a diminuir ', 'F', 296),
(1266, 'A frequência cardíaca não serve como um indic', 'F', 296),
(1267, 'A frequência cardíaca de repouso de um marato', 'F', 296),
(1268, 'A minha frequência cardíaca em repouso tende ', 'V', 296),
(1269, 'Aumento do ventrículo esquerdo elevando o vol', 'V', 297),
(1270, 'Aumento do volume muscular dos membros superi', 'F', 297),
(1271, 'Aumento no ganho de produção de força pura ', 'F', 297),
(1272, 'Aumento na flexibilidade ', 'F', 297),
(1273, 'Aids', 'F', 298),
(1274, 'Cirrose', 'F', 298),
(1275, 'Diabetes tipo 2', 'F', 298),
(1276, 'Osteoporose', 'V', 298),
(1277, 'Indução de Massa Coronariana', 'F', 299),
(1278, 'Índice de Massa Corporal', 'V', 299),
(1279, 'Instrumento de Meio Calórico', 'F', 299),
(1280, 'Instrumento de Medida do Corpo', 'F', 299),
(1281, 'Pedômetros', 'F', 300),
(1282, 'Acelerômetros', 'F', 300),
(1283, 'Espectofotômetro', 'V', 300),
(1284, 'Diários', 'F', 300),
(1285, 'Calorimetria Indireta', 'F', 301),
(1286, 'Água duplamente marcada', 'F', 301),
(1287, 'Questionários', 'F', 301),
(1288, 'Frequência cardíaca', 'V', 301),
(1289, '10 mil passos', 'V', 302),
(1290, '100 mil passos', 'F', 302),
(1291, '5 mil passos', 'F', 302),
(1292, '1000 passos', 'F', 302),
(1293, '200 minutos', 'F', 303),
(1294, '300 minutos', 'V', 303),
(1295, '60 minutos  ', 'F', 303),
(1296, '150 minutos', 'F', 303),
(1297, '15 minutos por dia de atividade física vigoro', 'F', 304),
(1298, '20 minutos por dia de atividade física vigoro', 'V', 304),
(1299, '60 minutos por dia de atividade física vigors', 'F', 304),
(1300, '45 minutos por dia de atividade física vigoro', 'F', 304),
(1301, '100 minutos', 'F', 305),
(1302, '30 minutos', 'F', 305),
(1303, '200 minutos', 'F', 305),
(1304, '150 minutos', 'V', 305),
(1305, '... exercício físico', 'F', 306),
(1306, '... aptidão física', 'V', 306),
(1307, '... atividade física', 'F', 306),
(1308, '... musculação', 'F', 306),
(1309, '... exercício físico', 'V', 307),
(1310, '... aptidão física', 'F', 307),
(1311, '... atividade física', 'F', 307),
(1312, '... musculação', 'F', 307),
(1313, '... exercício físico', 'F', 308),
(1314, '... aptidão física', 'F', 308),
(1315, '... atividade física', 'V', 308),
(1316, '... musculação', 'F', 308),
(1317, '3 segundos', 'F', 309),
(1318, '4 segundos.', 'V', 309),
(1319, '5 segundos.', 'F', 309),
(1320, '6 segundos.', 'F', 309),
(1321, '4 faltas', 'F', 310),
(1322, '5 faltas', 'F', 310),
(1323, '6 faltas', 'V', 310),
(1324, '7 faltas', 'F', 310),
(1325, 'Não pode repôr.', 'F', 311),
(1326, '1 minuto.', 'F', 311),
(1327, '2 minutos.', 'V', 311),
(1328, '3 minutos.', 'F', 311),
(1329, '18 metros x 9 metros.', 'F', 312),
(1330, '28 metros x 12 metros.', 'F', 312),
(1331, '50 metros x 18 metros.', 'F', 312),
(1332, '40 metros x 20 metros.', 'V', 312),
(1333, 'Dois períodos cronometrados de 20 minutos.', 'V', 313),
(1334, 'Dois períodos cronometrados de 15 minutos.', 'F', 313),
(1335, 'Dois períodos sem cronometragem de 30 minutos', 'F', 313),
(1336, 'Dois períodos de 20 minutos com cronometragem', 'F', 313),
(1337, 'Um árbitro principal, dois árbitros auxiliare', 'F', 314),
(1338, 'Um árbitro principal, um árbitro auxiliar, um', 'V', 314),
(1339, 'Dois árbitros principais e um anotador.', 'F', 314),
(1340, 'Um árbitro principal, um bandeirinha, um anot', 'F', 314),
(1341, 'A bola atravessar pelo alto as linhas laterai', 'F', 315),
(1342, 'A partida for interrompida pelo árbitro.', 'F', 315),
(1343, 'A bola tocar no árbitro dentro da quadra.', 'V', 315),
(1344, 'A bola bater na tabela de basquetebol.', 'F', 315),
(1345, 'Impedir que o goleiro lance a bola com as mão', 'V', 316),
(1346, 'Empurrar o adversário.', 'F', 316),
(1347, 'Trancar o adversário com o ombro.', 'F', 316),
(1348, 'Tocar a bola com a mão não estando na posição', 'F', 316),
(1349, '6 metros', 'F', 317),
(1350, '10 metros', 'V', 317),
(1351, '7 metros', 'F', 317),
(1352, '12 metros', 'F', 317),
(1353, '3 substituições.', 'F', 318),
(1354, '5 substituições.', 'F', 318),
(1355, '6 substituições.', 'F', 318),
(1356, 'Sem limite de substituições.', 'V', 318),
(1357, 'Pé sobre a linha e bola rolando.', 'F', 319),
(1358, 'Pé e bola fora da quadra.', 'V', 319),
(1359, 'Pé e bola dentro da quadra.', 'F', 319),
(1360, 'Pé dentro e bola fora da quadra.', 'F', 319),
(1361, '2 metros x 3 metros.', 'V', 320),
(1362, '2,5 metros x 3,5 metros.', 'F', 320),
(1363, '2,2 metros x 3,1 metros.', 'F', 320),
(1364, '3 metros x 3,5 metros.', 'F', 320),
(1365, '7 jogadores.', 'F', 321),
(1366, '6 jogadores.', 'F', 321),
(1367, '5 jogadores.', 'V', 321),
(1368, '4 jogadores.', 'F', 321),
(1369, '2 jogadores.', 'F', 322),
(1370, '3 jogadores.', 'V', 322),
(1371, '4 jogadores.', 'F', 322),
(1372, '5 jogadores.', 'F', 322),
(1373, 'O jogador pode ser substituído durante os ped', 'F', 323),
(1374, 'A zona de substituição fica em frente a mesa ', 'F', 323),
(1375, 'O jogador que está entrando recebe cartão ama', 'V', 323),
(1376, 'O jogador deverá sempre avisar o anotador ant', 'F', 323),
(1377, 'Após a bola ultrapassar o meio da quadra.', 'F', 324),
(1378, 'Após a bola tocar em um adversário.', 'V', 324),
(1379, 'Após o quinto toque da sua equipe na bola.', 'F', 324),
(1380, 'Após um pedido de tempo técnico.', 'F', 324),
(1381, 'Após o goleiro ultrapassar o meio da quadra e', 'F', 325),
(1382, 'Após a bola ultrapassar o meio da quadra e o ', 'F', 325),
(1383, 'Após a bola tocar no adversário e o recuo ser', 'V', 325),
(1384, 'Após a substituição por um goleiro linha o re', 'F', 325),
(1385, 'Escanteio.', 'V', 326),
(1386, 'Lateral.', 'F', 326),
(1387, 'Tiro Livre Indireto.', 'F', 326),
(1388, 'Arremesso de meta.', 'F', 326),
(1389, '5 metros.', 'F', 327),
(1390, '6 metros.', 'V', 327),
(1391, '7 metros.', 'F', 327),
(1392, '9 metros.', 'F', 327),
(1393, 'Jogar perigosamente sem contato físico.', 'F', 328),
(1394, 'Obstruir intencionalmente um adversário.', 'F', 328),
(1395, 'Enganar o adversário através de expressão voc', 'F', 328),
(1396, 'Praticar qualquer jogada, sem visar o adversá', 'V', 328);
INSERT INTO `resposta` (`ID_RESPOSTA`, `RESPOSTA`, `TIPO`, `ID_PERGUNTA`) VALUES
(1397, '1 jogadores.', 'F', 329),
(1398, '2 jogadores.', 'F', 329),
(1399, '3 jogadores.', 'V', 329),
(1400, '4 jogadores.', 'F', 329),
(1401, 'A afirmativa define o conceito de técnica no ', 'V', 330),
(1402, 'A afirmativa define o conceito de tática no f', 'F', 330),
(1403, 'A afirmativa define o conceito de condicionam', 'F', 330),
(1404, 'A afirmativa define o conceito de manobras of', 'F', 330),
(1405, 'Passe.', 'F', 331),
(1406, 'Recepção de bola.', 'F', 331),
(1407, 'Marcação zona.', 'V', 331),
(1408, 'Finta.', 'F', 331),
(1409, 'Passe.', 'V', 332),
(1410, 'Condução de bola.', 'F', 332),
(1411, 'Drible.', 'F', 332),
(1412, 'Chute.', 'F', 332),
(1413, 'Passe curto.', 'F', 333),
(1414, 'Passe de peito.', 'F', 333),
(1415, 'Passe por elevação.', 'F', 333),
(1416, 'Passe de craque.', 'V', 333),
(1417, 'Parte externa do pé.', 'F', 334),
(1418, 'Parte interna do pé.', 'V', 334),
(1419, 'Dorso do pé.', 'F', 334),
(1420, 'Ponta do pé.', 'F', 334),
(1421, 'Passe longo.', 'F', 335),
(1422, 'Passe de bate-pronto.', 'F', 335),
(1423, 'Passe de gancho.', 'V', 335),
(1424, 'Passe de bico.', 'F', 335),
(1425, 'É a forma mais comum e mais eficiente de fina', 'V', 336),
(1426, 'É a habilidade de manter a bola sob controle.', 'F', 336),
(1427, 'É a capacidade de ludibriar o adversário com ', 'F', 336),
(1428, 'É a habilidade de enviar a bola com precisão ', 'F', 336),
(1429, 'Chute de bico.', 'F', 337),
(1430, 'Chute de voleio.', 'V', 337),
(1431, 'Chute de peito de pé.', 'F', 337),
(1432, 'Chute de lado de pé.', 'F', 337),
(1433, 'Peito do pé.', 'F', 338),
(1434, 'Parte interna do pé.', 'F', 338),
(1435, 'Parte externa do pé.', 'F', 338),
(1436, 'Sola do pé.', 'V', 338),
(1437, 'Condução de bola', 'V', 339),
(1438, 'Drible.', 'F', 339),
(1439, 'Finta.', 'F', 339),
(1440, 'Recepção de bola.', 'F', 339),
(1441, 'Sola do pé.', 'F', 340),
(1442, 'Parte externa do pé.', 'V', 340),
(1443, 'Parte interna do pé.', 'F', 340),
(1444, 'Ponta do pé.', 'F', 340),
(1445, 'Ponta do pé.', 'F', 341),
(1446, 'Parte interna do pé.', 'F', 341),
(1447, 'Sola do pé.', 'V', 341),
(1448, 'Parte externa do pé.', 'F', 341),
(1449, 'A finta exige a presença de outros companheir', 'F', 342),
(1450, 'O drible é um fundamento técnico e a finta um', 'F', 342),
(1451, 'A finta é realizada para uma jogada ensaiada ', 'F', 342),
(1452, 'O drible é realizado com a bola e a finta não', 'V', 342),
(1453, 'Fundamento técnico.', 'V', 343),
(1454, 'Fundamento tático.', 'F', 343),
(1455, 'Capacidade técnica.', 'F', 343),
(1456, 'Manobra tática.', 'F', 343),
(1457, 'Coxa.', 'F', 344),
(1458, 'Canela.', 'V', 344),
(1459, 'Peito.', 'F', 344),
(1460, 'Cabeça.', 'F', 344),
(1461, 'O cabeceio será feito com parte superior da c', 'F', 345),
(1462, 'O cabeceio será feito com a parte lateral da ', 'F', 345),
(1463, 'O cabeceio será feito com a parte frontal da ', 'V', 345),
(1464, 'O cabeceio será feito com os olhos fechados p', 'F', 345),
(1465, 'Não ficar com o olho fixo na bola.', 'F', 346),
(1466, 'Estar equilibrado e a uma distância segura do', 'F', 346),
(1467, 'Aproximar-se do oponente no momento do desarm', 'F', 346),
(1468, 'Acompanhar o adversário, independente do sist', 'V', 346),
(1469, 'Lançamento.', 'V', 347),
(1470, 'Espalmada.', 'F', 347),
(1471, 'Encaixe.', 'F', 347),
(1472, 'Saída de gol.', 'F', 347),
(1473, 'Queda lateral e pegada.', 'F', 348),
(1474, 'Passe e recepção.', 'V', 348),
(1475, 'Saída de gol e fechada de ângulo.', 'F', 348),
(1476, 'Lançamento e salto.', 'F', 348),
(1477, 'O esquema é a forma adotada por uma equipe pa', 'F', 349),
(1478, 'O esquema são movimentações ofensivas para lu', 'F', 349),
(1479, 'O esquema é uma síntese da tática ofensiva e ', 'V', 349),
(1480, 'O esquema são jogadas ensaiadas realizadas pe', 'F', 349),
(1481, 'Marcação zona.', 'F', 350),
(1482, 'Marcação em Y.', 'F', 350),
(1483, 'Marcação mista.', 'F', 350),
(1484, 'Marcação em H.', 'V', 350),
(1485, 'Prioriza o acompanhamento do adversário indep', 'V', 351),
(1486, 'Entende que é preciso marcar um jogador de ma', 'F', 351),
(1487, 'Busca equilibrar as ações de jogo diminuindo ', 'F', 351),
(1488, 'Inicia sua marcação sempre após o meio da qua', 'F', 351),
(1489, 'Marcação mista.', 'F', 352),
(1490, 'Marcação zona.', 'V', 352),
(1491, 'Marcação individual.', 'F', 352),
(1492, 'Marcação com coberturas.', 'F', 352),
(1493, 'Marcação zona na linha 3.', 'F', 353),
(1494, 'Marcação zona na linha 1.', 'F', 353),
(1495, 'Marcação individual na linha 2.', 'V', 353),
(1496, 'Marcação individual na linha 4.', 'F', 353),
(1497, 'São as linhas pintadas de marcação em toda ex', 'F', 354),
(1498, 'São as linhas pintadas apenas na quadra defen', 'F', 354),
(1499, 'São as linhas do gol que devem ser defendidas', 'F', 354),
(1500, 'São as linhas imaginárias que definem onde in', 'V', 354),
(1501, 'A linha um de marcação é correspondente a uma', 'V', 355),
(1502, 'A linha três é a mais usada para a marcação i', 'F', 355),
(1503, 'A linha dois é a mais usada para marcação zon', 'F', 355),
(1504, 'A linha de marcação quatro corresponde a uma ', 'F', 355),
(1505, 'Losango.', 'F', 356),
(1506, 'Redondo.', 'V', 356),
(1507, 'Quadrante.', 'F', 356),
(1508, 'Triângulo.', 'F', 356),
(1509, 'Quando sua equipe está atrás no placar.', 'F', 357),
(1510, 'Quando a equipe adversária estiver com bons p', 'F', 357),
(1511, 'Quando a sua equipe estiver com um jogador a ', 'V', 357),
(1512, 'Quando a equipe adversária estiver com bons f', 'F', 357),
(1513, 'Não existe marcação mista no futsal.', 'F', 358),
(1514, 'Marcação quadrado.', 'F', 358),
(1515, 'Marcação do ala oposto.', 'F', 358),
(1516, 'Marcação Y', 'V', 358),
(1517, '2x2', 'V', 359),
(1518, '2x1x1', 'F', 359),
(1519, '3x1', 'F', 359),
(1520, '4x0', 'F', 359),
(1521, 'O sistema 2x1x1 posiciona os jogadores na for', 'F', 360),
(1522, 'O sistema 4x0 é o mais moderno e adequado par', 'V', 360),
(1523, 'O sistema 3x1 apresenta a proposta de jogar s', 'F', 360),
(1524, 'O sistema 2x2 também é chamado de padrão de a', 'F', 360),
(1525, 'Manobras ofensivas são movimentações ofensiva', 'F', 361),
(1526, 'Padrão de jogo são movimentações e trocas de ', 'F', 361),
(1527, 'Volume de jogo é a capacidade que uma equipe ', 'V', 361),
(1528, 'Jogadas ensaiadas são movimentações e trocas ', 'F', 361),
(1529, 'Padrão 8 ou de ala', 'F', 362),
(1530, 'Padrão redondo', 'F', 362),
(1531, 'Padrão Troca ala-pivô', 'F', 362),
(1532, 'Padrão quadrado', 'V', 362),
(1533, 'Padrão troca ala-pivô', 'V', 363),
(1534, 'Padrão invertido', 'F', 363),
(1535, 'Padrão em X', 'F', 363),
(1536, 'Padrão 8 por trás', 'F', 363),
(1537, 'Padrão invertido', 'F', 364),
(1538, 'Padrão com 4', 'V', 364),
(1539, 'Padrão 8 por trás', 'F', 364),
(1540, 'Padrão de ala', 'F', 364),
(1541, 'Movimento realizado com três jogadores, em qu', 'V', 365),
(1542, 'Movimento realizado com três jogadores, em qu', 'F', 365),
(1543, 'Movimento realizado com quatro jogadores, em ', 'F', 365),
(1544, 'Movimento realizado com quatro jogadores, não', 'F', 365),
(1545, 'Padrão de ala e padrão de 8 por trás', 'F', 366),
(1546, 'Padrão cruzado e troca ala-pivô', 'F', 366),
(1547, 'Padrão pelo meio e padrão redondo', 'V', 366),
(1548, 'Padrão invertido e padrão em X', 'F', 366),
(1549, 'Quando precisam ficar mais tempo com a bola', 'F', 367),
(1550, 'Quando estão com um jogador a menos, equilibr', 'F', 367),
(1551, 'Quando a sua equipe está com um jogador a mai', 'F', 367),
(1552, 'Quando precisam pressionar o adversário pois ', 'V', 367),
(1553, 'Padrão troca ala-pivô', 'V', 368),
(1554, 'Padrão pelo meio', 'F', 368),
(1555, 'Padrão pelas alas', 'F', 368),
(1556, 'Padrdão redondo', 'F', 368),
(1557, '20', 'F', 369),
(1558, '30', 'V', 369),
(1559, '40', 'F', 369),
(1560, '10', 'F', 369),
(1561, 'Argentina', 'F', 370),
(1562, 'Inglaterra', 'F', 370),
(1563, 'Uruguai', 'V', 370),
(1564, 'Espanha', 'F', 370),
(1565, 'Sempre foi Futsal', 'F', 371),
(1566, 'Futebol indoor', 'F', 371),
(1567, 'Futebol coberto', 'F', 371),
(1568, 'Futebol de Salão', 'V', 371),
(1569, 'São Paulo', 'V', 372),
(1570, 'Rio Grande do Sul', 'F', 372),
(1571, 'Ceará', 'F', 372),
(1572, 'Rio de Janeiro', 'F', 372),
(1573, 'Exército', 'F', 373),
(1574, 'Associação Cristã de Moços', 'V', 373),
(1575, 'Confederação Brasileira de Futebol', 'F', 373),
(1576, 'Comitê Olímpico Brasileiro', 'F', 373),
(1577, '30', 'F', 374),
(1578, '40', 'F', 374),
(1579, '50', 'V', 374),
(1580, '60', 'F', 374),
(1581, 'FIFA - Federação  Internacional de Futebol', 'F', 375),
(1582, 'CBF - Confederação Brasileira de Futebol', 'F', 375),
(1583, 'CBD - Confederação Brasileira de Desporto', 'F', 375),
(1584, 'FIFUSA - Federação Internacional de Futebol d', 'V', 375),
(1585, 'O esporte da bola pesada', 'V', 376),
(1586, 'O esporte dos jogadores habilidosos', 'F', 376),
(1587, 'O esporte do futuro', 'F', 376),
(1588, 'O mini-futebol', 'F', 376),
(1589, 'Roger Grain', 'F', 377),
(1590, 'Juan Carlos Ceriani', 'V', 377),
(1591, 'Habib Maphuz', 'F', 377),
(1592, 'Charles Miller', 'F', 377),
(1593, 'Para popularizar o Futebol', 'F', 378),
(1594, 'Para criar um jogo parecido com o Handebol ma', 'F', 378),
(1595, 'Para que as crianças pudessem jogar futebol e', 'V', 378),
(1596, 'Para que oportunizar o futebol para as mulher', 'F', 378),
(1597, '1890', 'F', 379),
(1598, '1900', 'F', 379),
(1599, '1889', 'F', 379),
(1600, '1895', 'V', 379),
(1601, 'Charles Miller', 'V', 380),
(1602, 'João Havelange', 'F', 380),
(1603, 'Pierre Coubertain', 'F', 380),
(1604, 'Ricardo Teixeira', 'F', 380),
(1605, 'Por um jovem operário que trouxe o esporte do', 'F', 381),
(1606, 'Por um jovem paulista da elite que foi estuda', 'V', 381),
(1607, 'Por um professor carioca que participou de um', 'F', 381),
(1608, 'Por um professor gaúcho que conheceu o esport', 'F', 381),
(1609, 'O esporte era considerado do povo e sofreu fo', 'F', 382),
(1610, 'O esporte foi rapidamente adotado pelos negro', 'F', 382),
(1611, 'O esporte era elitizado sendo jogado apenas p', 'V', 382),
(1612, 'O esporte era praticado mais por operários qu', 'F', 382),
(1613, 'Tranquila, pois o futebol teve suas raízes no', 'F', 383),
(1614, 'Tumultuada, pois os políticos brasileiros não', 'F', 383),
(1615, 'Natural, pois o Brasil é o país do futebol e ', 'F', 383),
(1616, 'Lenta, pois o futebol iniciou no Brasil com c', 'V', 383),
(1617, 'Mães e irmãs iam para a arquibancada torcer', 'V', 384),
(1618, 'As mulheres sempre tiveram seu espaço garanti', 'F', 384),
(1619, 'As mulheres incialmente tiveram uma liga de f', 'F', 384),
(1620, 'As mulheres não podiam jogar, pois o futebol ', 'F', 384),
(1621, 'Foram contratados para serem jogadores profis', 'F', 385),
(1622, 'Foram contratados para fazerem serviços gerai', 'V', 385),
(1623, 'Foram associados como sócios-atletas para que', 'F', 385),
(1624, 'Foram associados normalmente aos clubes, pois', 'F', 385),
(1625, 'Vasco da Gama', 'F', 386),
(1626, 'América', 'F', 386),
(1627, 'Fluminense', 'V', 386),
(1628, 'Bangu', 'F', 386),
(1629, 'No período do Estado Novo (1937-1945), sob o ', 'F', 387),
(1630, 'No período de Juscelino Kubitschek quando o B', 'F', 387),
(1631, 'Na década de 70, período do Regime Militar', 'V', 387),
(1632, 'O futebol e a política nunca tiveram relação ', 'F', 387),
(1633, 'O futebol no Brasil é considerado um esporte ', 'F', 388),
(1634, 'O pouco interesse de investidores e apoio da ', 'F', 388),
(1635, 'O futebol atingiria a visão hegemônica de fem', 'F', 388),
(1636, 'A falta de qualidade técnica e de conheciment', 'V', 388),
(1637, 'Que a beleza das jogadoras é um dos pilares d', 'V', 389),
(1638, 'Que está preocupado com a uniformidade das jo', 'F', 389),
(1639, 'Que o cabelo raspado pode atrapalhar o desemp', 'F', 389),
(1640, 'Que as jogadoras não se preocupem com o corte', 'F', 389),
(1641, 'Cristiane', 'F', 390),
(1642, 'Marta', 'V', 390),
(1643, 'Formiga', 'F', 390),
(1644, 'Não é uma jogadora brasileira a mehor do mund', 'F', 390),
(1645, 'Campeão - 2011', 'F', 391),
(1646, 'Terceiro lugar - 2003', 'F', 391),
(1647, 'Vice-campeão - 2007', 'V', 391),
(1648, 'Terceiro lugar - 2015', 'F', 391),
(1649, 'Marta - 4 participações', 'F', 392),
(1650, 'Sissi - 5 participações', 'F', 392),
(1651, 'Tânia Maranhão - 5 participações', 'F', 392),
(1652, 'Formiga - 6 participações', 'V', 392),
(1653, '1978', 'V', 393),
(1654, '1962', 'F', 393),
(1655, '1994', 'F', 393),
(1656, '1958', 'F', 393),
(1657, 'Garrincha', 'F', 394),
(1658, 'Zico', 'V', 394),
(1659, 'Romário', 'F', 394),
(1660, 'Rivaldo', 'F', 394),
(1661, '1920', 'F', 395),
(1662, '1950', 'F', 395),
(1663, '1930', 'V', 395),
(1664, '1938', 'F', 395),
(1665, '1987', 'F', 396),
(1666, '1995', 'F', 396),
(1667, '1983', 'F', 396),
(1668, '1991', 'V', 396),
(1669, 'Santos', 'V', 397),
(1670, 'Botafogo', 'F', 397),
(1671, 'Palmeiras', 'F', 397),
(1672, 'São Paulo', 'F', 397),
(1673, 'Goiás - GO', 'F', 398),
(1674, 'Santa Cruz - PE', 'V', 398),
(1675, 'Ponte Preta - SP', 'F', 398),
(1676, 'Guarani - SP', 'F', 398),
(1677, 'França 1998', 'F', 399),
(1678, 'Itália 1982', 'F', 399),
(1679, 'Alemanha 1966', 'V', 399),
(1680, 'Argentina 1986', 'F', 399),
(1681, 'São Paulo 2005', 'F', 400),
(1682, 'Grêmio 1983', 'F', 400),
(1683, 'Flamengo 1981', 'F', 400),
(1684, 'Cruzeiro 1999', 'V', 400),
(1685, 'Luiz Felipe Scolari', 'V', 401),
(1686, 'Carlos Alberto Parreira', 'F', 401),
(1687, 'Vanderlei Luxemburgo', 'F', 401),
(1688, 'Dunga', 'F', 401),
(1689, 'Ronaldo e Rivaldo', 'F', 402),
(1690, 'Bebeto e Romário', 'V', 402),
(1691, 'Ronaldo e Bebeto', 'F', 402),
(1692, 'Rivaldo e Romário', 'F', 402),
(1693, 'Brasil', 'F', 403),
(1694, 'Espanha', 'F', 403),
(1695, 'Itália', 'V', 403),
(1696, 'Paraguai', 'F', 403),
(1697, '1980', 'F', 404),
(1698, '1988', 'F', 404),
(1699, '1990', 'F', 404),
(1700, '1982', 'V', 404),
(1701, 'Liga Nacional de Futsal', 'V', 405),
(1702, 'Campeonato Brasileiro de Futsal', 'F', 405),
(1703, 'Copa Brasil de Futsal', 'F', 405),
(1704, 'Supertaça Brasil de Futsal', 'F', 405),
(1705, 'CBF - Confederação Brasileira de Futebol', 'F', 406),
(1706, 'CBFS - Confederação Brasileira de Futsal', 'V', 406),
(1707, 'LBF - Liga Brasileira de Futsal', 'F', 406),
(1708, 'FBF - Federação Brasileira de Futsal', 'F', 406),
(1709, 'Manoel Tobias', 'F', 407),
(1710, 'Lenísio', 'F', 407),
(1711, 'Falcão', 'V', 407),
(1712, 'Choco', 'F', 407),
(1713, 'Internacional', 'V', 408),
(1714, 'Carlos Barbosa', 'F', 408),
(1715, 'Atlético Mineiro', 'F', 408),
(1716, 'Malwe/Jaraguá', 'F', 408),
(1757, 'Lança , disco, vara e martelo.', 'F', 409),
(1758, 'Bola, disco, vara e lança.', 'F', 409),
(1759, 'Peso, disco, martelo e dardo.', 'V', 409),
(1760, 'Vara, peso, disco e dardo.', 'F', 409),
(1761, 'Salta em Altura, salto em distância, salto em', 'F', 410),
(1762, 'Salto em distância, salto em altura, salto co', 'V', 410),
(1763, 'Salto triplo, salto com vara e salto em expes', 'F', 410),
(1764, 'Saltocom vara, salto em distância e salto em ', 'F', 410),
(1765, 'Corridas de fundo.', 'F', 411),
(1766, 'Corrida de meio fundo.', 'F', 411),
(1767, 'Maratona', 'V', 411),
(1768, 'Corrida rasa.', 'F', 411),
(1769, 'Provas com Barreiras.', 'F', 412),
(1770, 'Provas de maratonas.', 'F', 412),
(1771, 'Provas de fundos.', 'F', 412),
(1772, 'Provas de revezamento.', 'V', 412),
(1773, '\"As suas marcas, prepara, sinal sonoro\"', 'F', 413),
(1774, '\"As suas marcas, pronto, sinal sonoro\"', 'V', 413),
(1775, '\"Prepara, pronto, sinal sonoro\"', 'F', 413),
(1776, '\"Pronto, prepara, sinal sonoro\"', 'F', 413),
(1777, '21.096 metros', 'F', 414),
(1778, '41.000 metros.', 'F', 414),
(1779, '42.195 metros.', 'V', 414),
(1780, '12.000 metros', 'F', 414),
(1781, 'Salto em Altura.', 'F', 415),
(1782, 'Salto em distância.', 'V', 415),
(1783, 'Salto Triplo.', 'F', 415),
(1784, 'Salto com vara.', 'F', 415),
(1785, '2.000 gramas e 3.000 gramas.', 'F', 416),
(1786, '1.000 gramas e 2.000 gramas.', 'F', 416),
(1787, '600 gramas e 800 gramas.', 'V', 416),
(1788, '700 gramas e 900 gramas.', 'F', 416),
(1789, '6,5 kg e 4 kg.', 'F', 417),
(1790, '7,26kg e 4kg.', 'V', 417),
(1791, '8,45kg e 5kg.', 'F', 417),
(1792, '6,75kg  e 4,5kg.', 'F', 417),
(1793, '1 Kg e 2 Kg.', 'V', 418),
(1794, '2 kg e 3 Kg.', 'F', 418),
(1795, '4  Kg e 2 Kg.', 'F', 418),
(1796, '5 Kg e 3 Kg.', 'F', 418),
(1797, '50 metros.', 'F', 419),
(1798, '150 metros.', 'F', 419),
(1799, '100 metros.', 'V', 419),
(1800, '200 metros.', 'F', 419),
(1801, '12 voltas.', 'F', 420),
(1802, '25 voltas.', 'F', 420),
(1803, '22 voltas.', 'F', 420),
(1804, '25 voltas.', 'V', 420),
(1805, '100 metros.', 'F', 421),
(1806, '400 metros.', 'V', 421),
(1807, '600 metros.', 'F', 421),
(1808, '700 metros', 'F', 421),
(1809, '2 vezes.', 'F', 422),
(1810, '3 vezes.', 'F', 422),
(1811, '1 vez.', 'V', 422),
(1812, '5 vezes.', 'F', 422),
(1813, '6 raias.', 'F', 423),
(1814, '4 raias.', 'F', 423),
(1815, '10 raias.', 'F', 423),
(1816, '8 raias.', 'V', 423),
(1817, '9 e 7', 'F', 424),
(1818, '10 e 7', 'V', 424),
(1819, '8 e 9', 'F', 424),
(1820, '6 e 8', 'F', 424),
(1821, '110 metros com barreiras, salto em altura, la', 'F', 425),
(1822, '100 metros com barreiras, salto em altura, la', 'F', 425),
(1823, '200 metros com barreiras, Marcha atlética, la', 'F', 425),
(1824, '100 metros com barreiras, salto em altura, la', 'V', 425),
(1825, 'Partidor', 'F', 426),
(1826, 'Bloco de Largada', 'F', 426),
(1827, 'Bloco de partida', 'V', 426),
(1828, 'Bloco', 'F', 426),
(1829, '100 metros.', 'F', 427),
(1830, '300 metros.', 'F', 427),
(1831, '600 metros.', 'F', 427),
(1832, '200 metros.', 'V', 427),
(1833, '4 atletas.', 'V', 428),
(1834, '6 atletas.', 'F', 428),
(1835, '2 atleta.', 'F', 428),
(1836, '1  atleta.', 'F', 428),
(1837, 'curta, mediana e longa.', 'F', 429),
(1838, 'curta, média e e grande.', 'F', 429),
(1839, 'curta, média e longa.', 'V', 429),
(1840, 'pequena, média e longa.', 'F', 429),
(1841, '100 metros, 200metros e 400 metros.', 'V', 430),
(1842, '100 metros e 800 metros.', 'F', 430),
(1843, '200 metros e 800 metros.', 'F', 430),
(1844, 'Acima de 800 metros, todas as provas são cons', 'F', 430),
(1845, '1 m 90 centimetros.', 'F', 431),
(1846, '2m 50 centimetros.', 'F', 431),
(1847, '1 m e 75 centimetros.', 'F', 431),
(1848, '1 m e 22 centimetros.', 'V', 431),
(1849, 'O corpo do atleta que passa o bastão e o bast', 'F', 432),
(1850, 'O bastão completamente dentro da zona de pass', 'V', 432),
(1851, 'O bastão parcialmente dentro da zona de passa', 'F', 432),
(1852, 'O corpo de ambos os atletas, com o bastão pod', 'F', 432),
(1861, 'Um atleta cometeu uma infração', 'F', 435),
(1862, 'Um atleta estava com o tênis desamarrado ', 'F', 435),
(1863, 'Nenhum atleta cometeu saída falsa', 'V', 435),
(1864, 'Um atleta esta com vontade de ir ao banheiro', 'F', 435),
(1865, 'Pé.', 'F', 436),
(1866, 'Pescoço.', 'F', 436),
(1867, 'Tronco.', 'V', 436),
(1868, 'Corpo.', 'F', 436),
(1869, 'Substituido', 'F', 437),
(1870, 'Tirado de sua equipe', 'F', 437),
(1871, 'Punido', 'F', 437),
(1872, 'Desqualificado', 'V', 437),
(1873, '2.000m e 3.000m', 'V', 438),
(1874, '100m e 200m ', 'F', 438),
(1875, '400m e 800m', 'F', 438),
(1876, '100m e 1500m', 'F', 438),
(1877, '10 e 10', 'F', 439),
(1878, '28 e 7', 'V', 439),
(1879, '15 e 10', 'F', 439),
(1880, '5 e 9', 'F', 439),
(1881, 'Outros atletas ', 'F', 440),
(1882, 'Barreiras e bolas', 'F', 440),
(1883, 'Obstáculos e fosses de água', 'V', 440),
(1884, 'outros atletas e fosses de água', 'F', 440),
(1885, '10m', 'F', 441),
(1886, '15m', 'F', 441),
(1887, '5m', 'F', 441),
(1888, '20m', 'V', 441),
(1889, '28 à 30 cm', 'V', 442),
(1890, '10 à 15 cm', 'F', 442),
(1891, '20 à 25 cm  ', 'F', 442),
(1892, '5 à 10 cm', 'F', 442),
(1893, 'Salto em Distância', 'F', 443),
(1894, 'Corrida de 100 metros', 'F', 443),
(1895, 'Salto em altura', 'V', 443),
(1896, 'corrida com obstáculos', 'F', 443),
(1897, '5 á 5,5m', 'F', 444),
(1898, '4 á 4,04m', 'V', 444),
(1899, '2 á 3m', 'F', 444),
(1900, '3 á 3,7m', 'F', 444),
(1901, 'A impulsão de um pé só, uma corrida engraçada', 'F', 445),
(1902, 'uma corrida com postura bonita, impulsão e o ', 'F', 445),
(1903, 'Um salto com impulsão em um só pé, uma passad', 'V', 445),
(1904, 'um salto, uma passada e um salto mortal', 'F', 445),
(1909, '5kg', 'F', 447),
(1910, '9kg', 'F', 447),
(1911, '7,260kg', 'V', 447),
(1912, '6,400kg', 'F', 447),
(1913, '3kg', 'F', 448),
(1914, '4kg', 'V', 448),
(1915, '9kg', 'F', 448),
(1916, '5kg', 'F', 448),
(1917, 'Gaiola', 'V', 449),
(1918, 'Caixa', 'F', 449),
(1919, 'Tabua', 'F', 449),
(1920, 'Parede', 'F', 449),
(1921, '2,20m', 'F', 450),
(1922, '2m', 'F', 450),
(1923, '1m', 'F', 450),
(1924, '2,60m', 'V', 450),
(1925, '2,20m', 'V', 451),
(1926, '1m', 'F', 451),
(1927, '1,5m', 'F', 451),
(1928, '2,10m', 'F', 451),
(1929, 'Pentatlo e decatlo', 'F', 452),
(1930, 'Pentatlo, decatlo, heptatlo e octatlo', 'V', 452),
(1931, 'Decatlo e heptatlo', 'F', 452),
(1932, 'Pentatlo, decatlo e octatlo', 'F', 452),
(1933, 'Pentatlo', 'F', 453),
(1934, 'Pentatlo e decatlo', 'F', 453),
(1935, 'Heptatlo e decatlo', 'V', 453),
(1936, 'Octatlo', 'F', 453),
(1937, 'Pentatlo', 'F', 454),
(1938, 'Pentatlo e decatlo', 'V', 454),
(1939, 'Heptatlo e decatlo', 'F', 454),
(1940, 'Octatlo', 'F', 454),
(1961, 'corrida, salto e arremesso', 'V', 460),
(1962, 'corrida, saltos e futebol', 'F', 460),
(1963, 'arremesso, corrida e voleibol', 'F', 460),
(1964, 'salto, arremesso e natação', 'F', 460),
(1965, 'Ruas', 'F', 461),
(1966, 'Estádios fechados', 'V', 461),
(1967, 'Estádios abertos', 'F', 461),
(1968, 'Ginásios', 'F', 461),
(1973, '4/4 da pista', 'F', 463),
(1974, '4/10 da pista', 'F', 463),
(1975, '1/2 da pista', 'F', 463),
(1976, '1/4 da pista', 'V', 463),
(1977, '40m', 'V', 464),
(1978, '50m', 'F', 464),
(1979, '20m', 'F', 464),
(1980, '100m', 'F', 464),
(1981, '10cm', 'F', 465),
(1982, '20cm', 'V', 465),
(1983, '50cm', 'F', 465),
(1984, '15cm', 'F', 465),
(1985, 'conseguir pegar o peso mais pesado', 'F', 466),
(1986, 'conseguir pegar o peso mais leve', 'F', 466),
(1987, 'conseguir lançar mais longe o objeto', 'V', 466),
(1988, 'conseguir correr e arremessar', 'F', 466),
(1989, 'ONA', 'F', 467),
(1990, 'CDA', 'F', 467),
(1991, 'OBRDA', 'F', 467),
(1992, 'CBAT', 'V', 467),
(1993, 'Provas curtas', 'V', 468),
(1994, 'provas de meio fundo', 'F', 468),
(1995, 'provas de campo', 'F', 468),
(1996, 'Maratona', 'F', 468),
(1997, 'Patrick Musiok', 'F', 469),
(1998, 'Usain Bolt', 'V', 469),
(1999, 'Mike Powell', 'F', 469),
(2000, 'Jonatham Edwards', 'F', 469),
(2001, '10,5seg', 'F', 470),
(2002, '9,58seg', 'V', 470),
(2003, '12seg', 'F', 470),
(2004, '8,29seg', 'F', 470),
(2005, 'Mike Powell', 'F', 471),
(2006, 'Usain Bolt', 'F', 471),
(2007, 'Patrick Musyoki', 'V', 471),
(2008, 'Jonatham Edwards', 'F', 471),
(2009, '2h3m45seg', 'V', 472),
(2010, '3h5m', 'F', 472),
(2011, '1h58m27s', 'F', 472),
(2012, '2h57m20s', 'F', 472),
(2025, '45seg', 'F', 476),
(2026, '20seg', 'F', 476),
(2027, '43seg', 'V', 476),
(2028, '57seg', 'F', 476),
(2029, 'Jonathan Edwards', 'F', 477),
(2030, 'Javier Stomyor', 'V', 477),
(2031, 'Patrick Musyoki', 'F', 477),
(2032, 'Mike Powell', 'F', 477),
(2033, '2m', 'F', 478),
(2034, '2,55m', 'F', 478),
(2035, '2,45m', 'F', 478),
(2036, '2,5m', 'V', 478),
(2037, 'Mike Powell', 'V', 479),
(2038, 'Javier Stomyor', 'F', 479),
(2039, 'Patrick Musyoki', 'F', 479),
(2040, 'Usain Bolt', 'F', 479),
(2041, '8m', 'F', 480),
(2042, '8,95m', 'V', 480),
(2043, '7,55m', 'F', 480),
(2044, '7,69m', 'F', 480),
(2045, 'Usain Bolt', 'F', 481),
(2046, 'Javier Stomyor', 'F', 481),
(2047, 'Patrick Musyoki', 'F', 481),
(2048, 'Jonatham Edwards', 'V', 481),
(2049, '18,29m', 'V', 482),
(2050, '17,55m', 'F', 482),
(2051, '19,82m', 'F', 482),
(2052, '20,70m', 'F', 482),
(2053, 'Almaz Ayana', 'F', 483),
(2054, 'Anita wlodarczyk', 'V', 483),
(2055, 'Evelin Santos', 'F', 483),
(2056, 'Ana Claudia Lemos', 'F', 483),
(2057, '82.29m', 'V', 484),
(2058, '79,90m', 'F', 484),
(2059, '85,42m', 'F', 484),
(2060, '90,12m', 'F', 484),
(2061, '12 de maio', 'F', 485),
(2062, '23 de dezembro', 'F', 485),
(2063, '9 de outubro', 'V', 485),
(2064, '15 de novembro', 'F', 485),
(2069, '5', 'F', 487),
(2070, '4', 'F', 487),
(2071, '3', 'V', 487),
(2072, 'd0', 'F', 487),
(2073, 'Londres', 'F', 488),
(2074, 'Pequim', 'F', 488),
(2075, 'Brasil', 'F', 488),
(2076, 'Moscou', 'V', 488),
(2077, '2015', 'V', 489),
(2078, '2012', 'F', 489),
(2079, '2016', 'F', 489),
(2080, '2011', 'F', 489),
(2081, 'Brasil', 'F', 490),
(2082, 'Quênia', 'V', 490),
(2083, 'Argentina', 'F', 490),
(2084, 'Estados Unidos', 'F', 490),
(2085, 'Brasil', 'F', 491),
(2086, 'quênia', 'F', 491),
(2087, 'Argentina', 'F', 491),
(2088, 'Londres', 'V', 491),
(2089, '1983', 'V', 492),
(2090, '1977', 'F', 492),
(2091, '1990', 'F', 492),
(2092, '1969', 'F', 492),
(2093, 'Brasil', 'F', 493),
(2094, 'Finlândia', 'V', 493),
(2095, 'China', 'F', 493),
(2096, 'Japão', 'F', 493),
(2097, 'Usain Bolt', 'F', 494),
(2098, 'Mike Powell', 'F', 494),
(2099, 'Leonidas de Rhode', 'V', 494),
(2100, 'Jonatham Edwards', 'F', 494),
(2101, '7', 'F', 495),
(2102, '5', 'F', 495),
(2103, '2', 'F', 495),
(2104, '3', 'V', 495),
(2105, 'Grécia', 'V', 496),
(2106, 'Jamaica', 'F', 496),
(2107, 'Brasil', 'F', 496),
(2108, 'China', 'F', 496),
(2109, 'curta distância e longa distância', 'F', 497),
(2110, 'curta distância ou velocidade, média distânci', 'V', 497),
(2111, 'Velocidade e maratona', 'F', 497),
(2112, 'velocidade e de meio fundo', 'F', 497),
(2113, 'Rio de Janeiro', 'F', 498),
(2114, 'Salvador', 'F', 498),
(2115, 'São Paulo', 'V', 498),
(2116, 'Goias', 'F', 498),
(2117, 'técnica e condicionamento físico', 'F', 499),
(2118, 'estratégia, magresa e técnica', 'F', 499),
(2119, 'condicionamento físico, altura e magresa', 'F', 499),
(2120, 'estratégia, técnica e condicionamento físico', 'V', 499),
(2121, 'longa distância ou de fundo', 'V', 500),
(2122, 'longa distância ou de meio fundo', 'F', 500),
(2123, 'longa distância ou de velocidade', 'F', 500),
(2124, 'meio fundo', 'F', 500),
(2125, 'velocidade', 'F', 501),
(2126, 'Condicionamento físico', 'V', 501),
(2127, 'técnica', 'F', 501),
(2128, 'inteligência', 'F', 501),
(2133, 'Correr ', 'F', 503),
(2134, 'Correr até o fim', 'F', 503),
(2135, 'Correr a distância proposta em maior tempo', 'F', 503),
(2136, 'Correr a distância proposta em menor tempo', 'V', 503),
(2141, '100 m', 'F', 505),
(2142, 'maratona', 'F', 505),
(2143, 'revezamento', 'V', 505),
(2144, '10.000m', 'F', 505),
(2145, '42km', 'V', 506),
(2146, '20km', 'F', 506),
(2147, '33km', 'F', 506),
(2148, '50km', 'F', 506),
(2149, 'salto para cima', 'F', 507),
(2150, 'salto deitado', 'F', 507),
(2151, 'sanlto no ar', 'F', 507),
(2152, 'salto vertical', 'V', 507),
(2153, 'salto horizontal', 'V', 508),
(2154, 'salto vertical', 'F', 508),
(2155, 'salto para cima', 'F', 508),
(2156, 'salto para frente', 'F', 508),
(2157, '5', 'V', 509),
(2158, '4', 'F', 509),
(2159, '6', 'F', 509),
(2160, '7', 'F', 509),
(2161, '1', 'F', 510),
(2162, '2', 'F', 510),
(2163, '3', 'V', 510),
(2164, '4', 'F', 510),
(2165, 'Líbero', 'F', 511),
(2166, 'Armador', 'V', 511),
(2167, 'Levantador', 'F', 511),
(2168, 'Pivô', 'F', 511),
(2169, '4', 'F', 512),
(2170, '1', 'V', 512),
(2171, '3', 'F', 512),
(2172, '2', 'F', 512),
(2173, 'Armador', 'F', 513),
(2174, 'Ala', 'F', 513),
(2175, 'Levantador', 'F', 513),
(2176, 'Pivô', 'V', 513),
(2177, '3,05m', 'V', 514),
(2178, '3,00m', 'F', 514),
(2179, '3,50m', 'F', 514),
(2180, '2,90m', 'F', 514),
(2181, '1', 'F', 515),
(2182, '2', 'F', 515),
(2183, 'Nenhum, não existe cartão no basquete', 'V', 515),
(2184, '3', 'F', 515),
(2185, 'Ilimitadas', 'V', 516),
(2186, '3 ', 'F', 516),
(2187, '5', 'F', 516),
(2188, '6', 'F', 516),
(2189, '2', 'F', 517),
(2190, '4', 'V', 517),
(2191, '6', 'F', 517),
(2192, '1', 'F', 517),
(2193, '1', 'F', 518),
(2194, '4', 'F', 518),
(2195, '3', 'F', 518),
(2196, '2', 'V', 518),
(2197, '10 minutos', 'V', 519),
(2198, '8 minutos', 'F', 519),
(2199, '7 minutos', 'F', 519),
(2200, '6 minutos', 'F', 519),
(2201, '0', 'F', 520),
(2202, '1', 'F', 520),
(2203, '2', 'V', 520),
(2204, '3', 'F', 520),
(2205, '4', 'F', 521),
(2206, '3', 'V', 521),
(2207, '2', 'F', 521),
(2208, '1', 'F', 521),
(2209, '20m x 10m', 'F', 522),
(2210, '25m x 12m', 'F', 522),
(2211, '30m x 15m', 'F', 522),
(2212, '28m x 15m', 'V', 522),
(2213, '1', 'V', 523),
(2214, '2', 'F', 523),
(2215, '3', 'F', 523),
(2216, '4', 'F', 523),
(2217, 'Bola ao alto', 'F', 524),
(2218, 'A seta irá definir quem ficará com a bola', 'V', 524),
(2219, 'A bola vai para a equipe que fez a última ces', 'F', 524),
(2220, 'A equipe que fez mais cesta receberá a bola', 'F', 524),
(2221, '... mais pontos', 'V', 525),
(2222, '... mais cestas', 'F', 525),
(2223, '... menos falta', 'F', 525),
(2224, '... mais passes', 'F', 525),
(2225, '1', 'F', 526),
(2226, '2', 'F', 526),
(2227, '3', 'V', 526),
(2228, 'Não vale fazer cesta de tão longe', 'F', 526),
(2229, '1', 'F', 527),
(2230, '3', 'F', 527),
(2231, 'Não vale fazer cesta de dentro do garrafão', 'F', 527),
(2232, '2', 'V', 527),
(2233, '3', 'F', 528),
(2234, '2', 'F', 528),
(2235, 'Não existe lance livre', 'F', 528),
(2236, '1', 'V', 528),
(2237, '5', 'F', 529),
(2238, '4', 'V', 529),
(2239, '3', 'F', 529),
(2240, '2', 'F', 529),
(2241, '24 seg', 'V', 530),
(2242, '32 seg', 'F', 530),
(2243, '16 seg', 'F', 530),
(2244, '14 seg', 'F', 530),
(2245, '5 seg', 'F', 531),
(2246, '3 seg', 'V', 531),
(2247, '2 seg', 'F', 531),
(2248, '4 seg', 'F', 531),
(2249, '8 seg', 'V', 532),
(2250, '10 seg', 'F', 532),
(2251, '12 seg', 'F', 532),
(2252, '14 seg', 'F', 532),
(2253, '3 seg', 'F', 533),
(2254, '4 seg', 'F', 533),
(2255, '5 seg', 'V', 533),
(2256, 'Não há tempo limite.', 'F', 533),
(2257, 'Não há limite de faltas', 'F', 534),
(2258, '8  ', 'F', 534),
(2259, '6', 'F', 534),
(2260, '5', 'V', 534),
(2261, 'Até 4', 'V', 535),
(2262, 'Até 5', 'F', 535),
(2263, 'Até 6', 'F', 535),
(2264, 'Até 7', 'F', 535),
(2265, 'Arremesso', 'F', 536),
(2266, 'Passe', 'V', 536),
(2267, 'Falta', 'F', 536),
(2268, 'Violação', 'F', 536),
(2269, 'Passe', 'F', 537),
(2270, ' b) Violação', 'F', 537),
(2271, 'Arremesso', 'V', 537),
(2272, 'Falta', 'F', 537),
(2273, '... que a bola deve sair do peito do passador', 'F', 538),
(2274, '... que a bola pode sair de qualquer lugar do', 'F', 538),
(2275, '... que a bola pode sair e chegar de qualquer', 'F', 538),
(2276, '... que a bola deve sair do peito do passador', 'V', 538),
(2277, 'Manejo de corpo', 'F', 539),
(2278, 'Rebote', 'F', 539),
(2279, 'Dribles', 'F', 539),
(2280, 'Ponte aérea', 'V', 539),
(2281, 'Drible', 'F', 540),
(2282, 'Arremesso', 'F', 540),
(2283, 'Manejo de bola', 'V', 540),
(2284, 'Passe', 'F', 540),
(2285, 'Arremesso', 'F', 541),
(2286, 'Dribe', 'V', 541),
(2287, 'Rebote', 'F', 541),
(2288, 'Passe picado', 'F', 541),
(2289, 'Drible baixo', 'V', 542),
(2290, 'Drible médio', 'F', 542),
(2291, 'Drible alto', 'F', 542),
(2292, 'Drible de velocidade', 'F', 542),
(2293, 'Drible médio', 'F', 543),
(2294, 'Drible de proteção', 'F', 543),
(2295, 'Drible alto', 'V', 543),
(2296, 'Drible baixo', 'F', 543),
(2297, 'Ação do jogador em impulsionar consecutivamen', 'V', 544),
(2298, 'Ação do jogador que está relacionado com as d', 'F', 544),
(2299, 'É a capacidade de movimentar-se e realizar os', 'F', 544),
(2300, 'Ação de ataque que consiste em enviar uma bol', 'F', 544),
(2301, 'Drible com passagem da bola por entre as pern', 'F', 545),
(2302, 'Drible por trás da cabeça', 'V', 545),
(2303, 'Drible com corte pela frente', 'F', 545),
(2304, 'Drible com giro', 'F', 545),
(2305, 'Drible', 'F', 546),
(2306, 'Manejo de bola', 'F', 546),
(2307, 'Manejo de corpo', 'F', 546),
(2308, 'Passe', 'V', 546),
(2309, 'Passe picado', 'F', 547),
(2310, 'Passe de ombro', 'F', 547),
(2311, 'Passe de peito', 'V', 547),
(2312, 'Passe lateral com as duas mãos', 'F', 547),
(2313, 'Passe picado', 'V', 548),
(2314, 'Passe de ombro', 'F', 548),
(2315, 'Passe com giro', 'F', 548),
(2316, 'Passe com rotação', 'F', 548),
(2317, 'Passe com giro', 'F', 549),
(2318, 'Passe por cima da cabeça', 'V', 549),
(2319, 'Passe de peito', 'F', 549),
(2320, 'Passe de ombro', 'F', 549),
(2321, 'Paradas bruscas', 'F', 550),
(2322, 'Fintas', 'F', 550),
(2323, 'Saltos', 'F', 550),
(2324, 'Todas as alternativas', 'V', 550),
(2325, 'Passe baixo, médio e alto', 'F', 551),
(2326, 'Passe de armação e de contra-ataque', 'F', 551),
(2327, 'Passe com uma e com duas mãos', 'V', 551),
(2328, 'Passe de velocidade e de armação', 'F', 551),
(2329, 'Passe por trás das costas', 'V', 552),
(2330, 'Passe de gancho', 'F', 552),
(2331, 'Passe picado', 'F', 552),
(2332, 'Passe de ombro', 'F', 552),
(2333, 'Passe por cima da cabeça', 'F', 553),
(2334, 'Passe de gancho', 'V', 553),
(2335, 'Passe pela lateral com as duas mãos', 'F', 553),
(2336, 'Passe por trás do corpo', 'F', 553),
(2337, 'Armadores', 'F', 554),
(2338, 'Alas', 'F', 554),
(2339, 'Pivôs', 'V', 554),
(2340, 'Todos os jogadores usam esse tipo de arremess', 'F', 554),
(2341, 'Quando está sob marcação próxima', 'F', 555),
(2342, 'Quando está como pivô de costas para a cesta', 'F', 555),
(2343, 'Quando encontra dificuldades para infiltrar n', 'F', 555),
(2344, 'Quando consegue sair em velocidade no contra-', 'V', 555),
(2345, 'Arremesso de gancho', 'F', 556),
(2346, 'Arremesso de bandeja', 'F', 556),
(2347, 'Arremesso com salto', 'F', 556),
(2348, 'Arremesso com uma das mãos como apoio', 'V', 556),
(2349, 'Rebote primário e secundário', 'F', 557),
(2350, 'Rebote com e sem apoio', 'F', 557),
(2351, 'Rebote defensivo e ofensivo', 'V', 557),
(2352, 'Rebote de armação e de contra-ataque', 'F', 557),
(2353, 'Pivô', 'V', 558),
(2354, 'Fixo', 'F', 558),
(2355, 'Ala', 'F', 558),
(2356, 'Armador', 'F', 558),
(2357, 'Ala', 'F', 559),
(2358, 'Armador', 'V', 559),
(2359, 'Organizador', 'F', 559),
(2360, 'Pivô', 'F', 559),
(2361, 'Trocar mais de 8 passes', 'F', 560),
(2362, 'Deixar o pivô 2 segundos no garrafão', 'F', 560),
(2363, 'Fazer 2 arremessos seguidos', 'F', 560),
(2364, 'Voltar a bola da quadra de de ataque para a d', 'V', 560),
(2365, 'Ala', 'F', 561),
(2366, 'Pivô', 'V', 561),
(2367, 'Armador', 'F', 561),
(2368, 'Líbero', 'F', 561),
(2369, 'Todos os jogadores devem avisar o árbitro pré', 'F', 562),
(2370, 'Deve ser realizado sobre o primeiro contato d', 'V', 562),
(2371, 'Sempre é realizado pela perna dominante.', 'F', 562),
(2372, 'Só pode ser realizado pelo pivô.', 'F', 562),
(2373, 'Deve ser realizado com os dois pés fora da qu', 'V', 563),
(2374, 'Deve ser realizado com um dos pés sobre a lin', 'F', 563),
(2375, 'Deve ser realizado com os dois pés sobre a li', 'F', 563),
(2376, 'Após ser realizado a bola deve quicar antes d', 'F', 563),
(2377, '... a bola sair de sua mão', 'F', 564),
(2378, '... a bola tocar na tabela', 'F', 564),
(2379, '... a bola tocar no aro', 'V', 564),
(2380, '... ele quiser', 'F', 564),
(2381, 'Quando a bola toca no chão ou em algum objeto', 'V', 565),
(2382, 'Quando a bola transpassa a linha lateral ou d', 'F', 565),
(2383, 'Quando mais da metade da bola transpassa a li', 'F', 565),
(2384, 'Quando a bola alcança uma altura superior a d', 'F', 565),
(2385, 'Após um jogador se machucar, ele deverá obrig', 'F', 566),
(2386, 'A bola deverá ser sempre laranja', 'F', 566),
(2387, 'Quando o jogador que está driblando pisa na l', 'V', 566),
(2388, 'As linhas da quadra devem ter cores diferente', 'F', 566),
(2389, 'Charles Miller em 1895', 'F', 567),
(2390, 'Karl Shelenz em 1919', 'F', 567),
(2391, 'William Morgan em 1895', 'F', 567),
(2392, 'James Naismith em 1890', 'V', 567),
(2393, 'Porque precisavam de um jogo interessante que', 'V', 568),
(2394, 'Porque precisavam de um jogo interssante para', 'F', 568),
(2395, 'Porque precisavam de um jogo interessante par', 'F', 568),
(2396, 'Porque precisavam de um jogo interssante para', 'F', 568),
(2397, 'Turquia', 'F', 569),
(2398, 'Estados Unidos', 'V', 569),
(2399, 'Canadá', 'F', 569),
(2400, 'Espanha', 'F', 569),
(2401, 'O Brasil foi o primeiro país da America do Su', 'F', 570),
(2402, 'O Brasil nunca foi campeão mundial de basquet', 'V', 570),
(2403, 'O Brasil foi medalha de Prata no basquetebol ', 'F', 570),
(2404, 'O Brasil foi campeão Pan-americano de basquet', 'F', 570),
(2405, '5', 'F', 571),
(2406, '3', 'F', 571),
(2407, '2', 'V', 571),
(2408, '1', 'F', 571),
(2409, 'Os jogadores do banco podem entrar em quadra ', 'F', 572),
(2410, 'Ninguém poderá entrar em quadra para acalmar ', 'F', 572),
(2411, 'Os jogadores de quadra devem esperar os brigõ', 'F', 572),
(2412, 'Qualquer jogador do banco que entre em quadra', 'V', 572),
(2413, '… deverá haver uma prorrogação.', 'V', 573),
(2414, '… cada equipe ganhará 1 ponto.', 'F', 573),
(2415, '… deverá haver um desempate com cobranças de ', 'F', 573),
(2416, '… um novo jogo deverá ser marcado', 'F', 573),
(2417, 'Quem estava com a bola no final do quarto per', 'F', 574),
(2418, 'Através da seta', 'V', 574),
(2419, 'Quem estava sem a bola no final do quarto per', 'F', 574),
(2420, 'Bola ao alto', 'F', 574),
(2421, '1', 'F', 575),
(2422, '2', 'F', 575),
(2423, 'Ilimitadas', 'V', 575),
(2424, 'Não existe prorrogação no Basquete', 'F', 575),
(2425, 'Não existe prorrogação no Basquete', 'F', 576),
(2426, '3', 'F', 576),
(2427, '2', 'F', 576),
(2428, '1', 'V', 576),
(2429, '… somente os jogadores que terminaram a parti', 'F', 577),
(2430, '… não existe prorrogação.', 'F', 577),
(2431, '… as faltas coletivas são zeradas ao término ', 'F', 577),
(2432, '… as faltas coletivas se mantém após o términ', 'V', 577),
(2433, '5 minutos', 'V', 578),
(2434, '3 minutos', 'F', 578),
(2435, '10 minutos', 'F', 578),
(2436, 'Não existe prorrogação no Basquete', 'F', 578),
(2437, 'Não existe prorrogação no Basquete', 'F', 579),
(2438, 'Mantém o mesmo número do fim do quarto períod', 'V', 579),
(2439, 'São zeradas no começo na prorrogação', 'F', 579),
(2440, 'Na prorrogação, as faltas individuais não são', 'F', 579),
(2441, '2', 'V', 580),
(2442, '3', 'F', 580),
(2443, '4', 'F', 580),
(2444, '1', 'F', 580),
(2445, 'Forçada', 'F', 581),
(2446, 'Repentina', 'F', 581),
(2447, 'Consecutiva', 'F', 581),
(2448, '1 tempo e 2 tempos', 'V', 581),
(2449, 'Arremesso', 'V', 582),
(2450, 'Passe de peito', 'F', 582),
(2451, 'Tempo técnico', 'F', 582),
(2452, 'Cessar o movimento', 'F', 582),
(2453, '8 segundos', 'F', 583),
(2454, 'Caminhada', 'V', 583),
(2455, 'Dobrada', 'F', 583),
(2456, 'Falta', 'F', 583),
(2457, '… a bola deve sair do peito do jogador', 'F', 584),
(2458, '… abola deve tocar sempre no aro antes de ent', 'F', 584),
(2459, '… a bola deve tocar sempre na tabela antes de', 'F', 584),
(2460, '… os polegares devem ficar posicionados na ba', 'V', 584),
(2461, '… se o jogador arremessa a bola com a mão dir', 'V', 585),
(2462, '… as pernas deverão ficar paralelas', 'F', 585),
(2463, '… se o jogador arremessa a bola com a mão dir', 'F', 585),
(2464, '… os pés devem estar o mais perto um do outro', 'F', 585),
(2465, 'Handebol', 'F', 586),
(2466, 'Futsal', 'V', 586),
(2467, 'Voleibol', 'F', 586),
(2468, 'Rugby', 'F', 586),
(2469, 'Competitivos e Cooperativos', 'F', 587),
(2470, 'Marcação e Ataque', 'F', 587),
(2471, 'Defensivos e Ofensivos', 'V', 587),
(2472, 'Proteção e Infitração', 'F', 587),
(2473, 'Por Zona e Individual', 'V', 588),
(2474, 'Região e Blocos', 'F', 588),
(2475, 'Alas e Centro', 'F', 588),
(2476, 'Garrafão e Linha dos 3 metros', 'F', 588),
(2477, '3:2', 'F', 589),
(2478, '2:3', 'F', 589),
(2479, '1:1:3', 'F', 589),
(2480, '2:1:2', 'V', 589),
(2481, '3:2', 'V', 590),
(2482, '2:3', 'F', 590),
(2483, '1:1:3', 'F', 590),
(2484, '2:1:2', 'F', 590),
(2485, 'Dificulta as infiltrações e os rebotes dos op', 'F', 591),
(2486, 'Facilita os rebotes defensivos', 'F', 591),
(2487, 'Dificulta o jogo próximo à cesta', 'F', 591),
(2488, 'Exige melhor treinamento de conjunto e comuni', 'V', 591),
(2489, 'Aumenta o contato dos defensores com os alas ', 'F', 592),
(2490, 'Facilita as infiltrações do adversário', 'F', 592),
(2491, 'Facilita arremessos de média e longa distânci', 'V', 592),
(2492, 'Exige maior desgaste físico dos defensores', 'F', 592),
(2493, 'Apenas o jogador com a posse da bola é pressi', 'V', 593),
(2494, 'A marcação Individual também é conhecida como', 'F', 593),
(2495, 'Pode resultar em um número maior de faltas do', 'F', 593),
(2496, 'Pode facilitar as infiltrações', 'F', 593),
(2497, 'Por Zona', 'F', 594),
(2498, 'Individual', 'F', 594),
(2499, 'Misto', 'V', 594),
(2500, 'Único', 'F', 594),
(2501, 'Quadrado', 'V', 595),
(2502, 'Triângulo', 'F', 595),
(2503, 'Trapézio', 'F', 595),
(2504, 'Círculo', 'F', 595),
(2505, 'Misto', 'V', 596),
(2506, 'Migrado', 'F', 596),
(2507, 'Conjunto', 'F', 596),
(2508, 'Conjugado', 'F', 596),
(2509, 'Marcação pressão', 'V', 597),
(2510, 'Marcação sufocante', 'F', 597),
(2511, 'Marcação mista', 'F', 597),
(2512, 'Marcação zona', 'F', 597),
(2513, '1', 'F', 598),
(2514, '2', 'F', 598),
(2515, 'Não existe número mínimo de substituições no ', 'V', 598),
(2516, '5', 'F', 598),
(2517, '100', 'F', 599),
(2518, 'Não há limite máximo de pontos em uma partida', 'V', 599),
(2519, '150', 'F', 599),
(2520, '200', 'F', 599),
(2521, '2', 'F', 600),
(2522, '3', 'F', 600),
(2523, '4', 'F', 600),
(2524, '5', 'V', 600),
(2525, '... curtas distâncias', 'V', 601),
(2526, '... médias distâncias', 'F', 601),
(2527, '... longas distâncias', 'F', 601),
(2528, 'Não existe este tipo de passe no Basquete.', 'F', 601),
(2529, 'Não existe este tipo de passe no Basquete.', 'F', 602),
(2530, 'Ala', 'F', 602),
(2531, 'Armador', 'F', 602),
(2532, 'Pivô', 'V', 602),
(2533, 'Tentar fazer com o que o marcador não veja a ', 'F', 603),
(2534, 'Impedir o arremesso', 'F', 603),
(2535, 'Barrar o movimento de um jogador na marcação.', 'V', 603),
(2536, 'Ganharmos a posse de bola.', 'F', 603),
(2537, 'Líbero', 'F', 604),
(2538, 'Ala', 'F', 604),
(2539, 'Pivô', 'F', 604),
(2540, 'Armador', 'V', 604),
(2541, 'Fundo bola', 'F', 605),
(2542, 'No ataque', 'V', 605),
(2543, 'No meio da quadra', 'F', 605),
(2544, 'Onde aconteceu o último lance', 'F', 605),
(2545, 'Fundo bola', 'F', 606),
(2546, 'Onde aconteceu o último lance', 'V', 606),
(2547, 'No meio da quadra', 'F', 606),
(2548, 'No ataque', 'F', 606),
(2549, '99', 'V', 607),
(2550, '123', 'F', 607),
(2551, '3,14', 'F', 607),
(2552, '0,5', 'F', 607),
(2553, 'Bloqueio', 'F', 608),
(2554, 'Invasão defensiva', 'F', 608),
(2555, 'Toco', 'V', 608),
(2556, 'Invasão ofensiva', 'F', 608);

-- --------------------------------------------------------

--
-- Estrutura da tabela `resposta_usuario`
--

CREATE TABLE `resposta_usuario` (
  `ID_RESPOSTA_USUARIO` int(11) NOT NULL,
  `ID_RESPOSTA` int(11) NOT NULL,
  `ID_USUARIO` int(11) NOT NULL
) ENGINE=InnoDB DEFAULT CHARSET=utf8;

-- --------------------------------------------------------

--
-- Estrutura da tabela `tipo_usuario`
--

CREATE TABLE `tipo_usuario` (
  `ID_TIPO_USUARIO` int(11) NOT NULL,
  `DESCRICAO` varchar(45) DEFAULT NULL
) ENGINE=InnoDB DEFAULT CHARSET=utf8 ROW_FORMAT=COMPACT;

--
-- Extraindo dados da tabela `tipo_usuario`
--

INSERT INTO `tipo_usuario` (`ID_TIPO_USUARIO`, `DESCRICAO`) VALUES
(1, 'Administrador(a)'),
(2, 'Professor(a)'),
(3, 'Aluno(a)');

-- --------------------------------------------------------

--
-- Estrutura da tabela `turma`
--

CREATE TABLE `turma` (
  `ID_TURMA` int(11) NOT NULL,
  `ANO` int(11) DEFAULT NULL,
  `SEMESTRE` int(11) DEFAULT NULL,
  `NOME` varchar(45) DEFAULT NULL,
  `SIGLA` varchar(10) DEFAULT NULL,
  `ID_USUARIO` int(11) NOT NULL,
  `ID_DISCIPLINA` int(11) NOT NULL
) ENGINE=InnoDB DEFAULT CHARSET=utf8 ROW_FORMAT=COMPACT;

--
-- Extraindo dados da tabela `turma`
--

INSERT INTO `turma` (`ID_TURMA`, `ANO`, `SEMESTRE`, `NOME`, `SIGLA`, `ID_USUARIO`, `ID_DISCIPLINA`) VALUES
(1, 2017, 2, 'Agricultura', 'AGR1', 2, 1),
(2, 2017, 2, 'Manutenção e Suporte em Informática', 'MSI1', 2, 1);

-- --------------------------------------------------------

--
-- Estrutura da tabela `turma_aluno`
--

CREATE TABLE `turma_aluno` (
  `ID_TURMA_ALUNO` int(11) NOT NULL,
  `ID_TURMA` int(11) NOT NULL,
  `ID_USUARIO` int(11) NOT NULL
) ENGINE=InnoDB DEFAULT CHARSET=utf8;

--
-- Extraindo dados da tabela `turma_aluno`
--

INSERT INTO `turma_aluno` (`ID_TURMA_ALUNO`, `ID_TURMA`, `ID_USUARIO`) VALUES
(1, 2, 3),
(2, 1, 3);

-- --------------------------------------------------------

--
-- Estrutura da tabela `turma_quiz`
--

CREATE TABLE `turma_quiz` (
  `ID_TURMA_QUIZ` int(11) NOT NULL,
  `ID_QUIZ` int(11) NOT NULL,
  `ID_TURMA` int(11) NOT NULL
) ENGINE=InnoDB DEFAULT CHARSET=utf8 ROW_FORMAT=COMPACT;

--
-- Extraindo dados da tabela `turma_quiz`
--

INSERT INTO `turma_quiz` (`ID_TURMA_QUIZ`, `ID_QUIZ`, `ID_TURMA`) VALUES
(1, 1, 1),
(2, 1, 2);

-- --------------------------------------------------------

--
-- Estrutura da tabela `usuario`
--

CREATE TABLE `usuario` (
  `ID_USUARIO` int(11) NOT NULL,
  `NOME` varchar(45) DEFAULT NULL,
  `EMAIL` varchar(100) DEFAULT NULL,
  `SENHA` varchar(50) DEFAULT NULL,
  `ID_TIPO_USUARIO` int(11) NOT NULL
) ENGINE=InnoDB DEFAULT CHARSET=utf8 ROW_FORMAT=COMPACT;

--
-- Extraindo dados da tabela `usuario`
--

INSERT INTO `usuario` (`ID_USUARIO`, `NOME`, `EMAIL`, `SENHA`, `ID_TIPO_USUARIO`) VALUES
(1, 'Karlise Soares', 'karlise.nascimento@iffarroupilha.edu.br', 'e7d537e128158790157ea057bb883e0292a84930', 1),
(2, 'Professor Teste', 'professor.teste@iffarroupilha.edu.br', 'e7d537e128158790157ea057bb883e0292a84930', 2),
(3, 'Gerson Dias', 'rick_pereira_dias@hotmail.com', 'e7d537e128158790157ea057bb883e0292a84930', 3),
(4, 'Professor Teste2', 'professor.teste@gmail.com', 'e7d537e128158790157ea057bb883e0292a84930', 2);

--
-- Indexes for dumped tables
--

--
-- Indexes for table `categoria`
--
ALTER TABLE `categoria`
  ADD PRIMARY KEY (`ID_CATEGORIA`);

--
-- Indexes for table `disciplina`
--
ALTER TABLE `disciplina`
  ADD PRIMARY KEY (`ID_DISCIPLINA`);

--
-- Indexes for table `imagem`
--
ALTER TABLE `imagem`
  ADD PRIMARY KEY (`ID_IMAGEM`),
  ADD KEY `fk_imagem_categoria1_idx` (`ID_CATEGORIA`);

--
-- Indexes for table `melhorias`
--
ALTER TABLE `melhorias`
  ADD PRIMARY KEY (`ID_MELHORIA`),
  ADD KEY `ID_USUARIO` (`ID_USUARIO`);

--
-- Indexes for table `memoria`
--
ALTER TABLE `memoria`
  ADD PRIMARY KEY (`ID_MEMORIA`),
  ADD KEY `fk_memoria_usuario1_idx` (`ID_USUARIO`);

--
-- Indexes for table `memoria_imagem`
--
ALTER TABLE `memoria_imagem`
  ADD PRIMARY KEY (`ID_MEMORIA_IMAGEM`),
  ADD KEY `fk_imagem_has_memoria_memoria1_idx` (`ID_MEMORIA`),
  ADD KEY `fk_imagem_has_memoria_imagem1_idx` (`ID_IMAGEM`);

--
-- Indexes for table `pergunta`
--
ALTER TABLE `pergunta`
  ADD PRIMARY KEY (`ID_PERGUNTA`),
  ADD KEY `fk_PERGUNTA_DISCIPLINA1_idx` (`ID_DISCIPLINA`),
  ADD KEY `fk_PERGUNTA_CATEGORIA1_idx` (`ID_CATEGORIA`),
  ADD KEY `fk_PERGUNTA_USUARIO1_idx` (`ID_USUARIO`);

--
-- Indexes for table `pergunta_quiz`
--
ALTER TABLE `pergunta_quiz`
  ADD PRIMARY KEY (`ID_PERGUNTA_QUIZ`),
  ADD KEY `fk_PERGUNTA_has_QUIZ_PERGUNTA1_idx` (`ID_PERGUNTA`),
  ADD KEY `fk_PERGUNTA_has_QUIZ_QUIZ1_idx` (`ID_QUIZ`) USING BTREE,
  ADD KEY `ID_TURMA` (`ID_TURMA`);

--
-- Indexes for table `quiz`
--
ALTER TABLE `quiz`
  ADD PRIMARY KEY (`ID_QUIZ`),
  ADD KEY `fk_QUIZ_has_USUARIO_idx` (`ID_USUARIO`) USING BTREE;

--
-- Indexes for table `resposta`
--
ALTER TABLE `resposta`
  ADD PRIMARY KEY (`ID_RESPOSTA`),
  ADD KEY `fk_RESPOSTA_PERGUNTA1_idx` (`ID_PERGUNTA`);

--
-- Indexes for table `resposta_usuario`
--
ALTER TABLE `resposta_usuario`
  ADD PRIMARY KEY (`ID_RESPOSTA_USUARIO`),
  ADD KEY `fk_resposta_has_usuario_usuario1_idx` (`ID_USUARIO`),
  ADD KEY `fk_resposta_has_usuario_resposta1_idx` (`ID_RESPOSTA`);

--
-- Indexes for table `tipo_usuario`
--
ALTER TABLE `tipo_usuario`
  ADD PRIMARY KEY (`ID_TIPO_USUARIO`);

--
-- Indexes for table `turma`
--
ALTER TABLE `turma`
  ADD PRIMARY KEY (`ID_TURMA`),
  ADD UNIQUE KEY `SIGLA` (`SIGLA`),
  ADD KEY `fk_TURMA_DISCIPLINA1_idx` (`ID_DISCIPLINA`),
  ADD KEY `fk_TURMA_USUARIO1_idx` (`ID_USUARIO`);

--
-- Indexes for table `turma_aluno`
--
ALTER TABLE `turma_aluno`
  ADD PRIMARY KEY (`ID_TURMA_ALUNO`),
  ADD KEY `fk_TURMA_has_ALUNO_TURMA1_idx` (`ID_TURMA`),
  ADD KEY `fk_TURMA_ALUNO_USUARIO1_idx` (`ID_USUARIO`);

--
-- Indexes for table `turma_quiz`
--
ALTER TABLE `turma_quiz`
  ADD PRIMARY KEY (`ID_TURMA_QUIZ`),
  ADD UNIQUE KEY `ID_QUIZ` (`ID_QUIZ`,`ID_TURMA`),
  ADD KEY `fk_turma_has_quiz_quiz2_idx` (`ID_QUIZ`),
  ADD KEY `fk_turma_has_quiz_turma2_idx` (`ID_TURMA`);

--
-- Indexes for table `usuario`
--
ALTER TABLE `usuario`
  ADD PRIMARY KEY (`ID_USUARIO`),
  ADD UNIQUE KEY `EMAIL` (`EMAIL`),
  ADD KEY `fk_USUARIO_TIPO_USUARIO1_idx` (`ID_TIPO_USUARIO`);

--
-- AUTO_INCREMENT for dumped tables
--

--
-- AUTO_INCREMENT for table `categoria`
--
ALTER TABLE `categoria`
  MODIFY `ID_CATEGORIA` int(11) NOT NULL AUTO_INCREMENT, AUTO_INCREMENT=7;
--
-- AUTO_INCREMENT for table `disciplina`
--
ALTER TABLE `disciplina`
  MODIFY `ID_DISCIPLINA` int(11) NOT NULL AUTO_INCREMENT, AUTO_INCREMENT=2;
--
-- AUTO_INCREMENT for table `imagem`
--
ALTER TABLE `imagem`
  MODIFY `ID_IMAGEM` int(11) NOT NULL AUTO_INCREMENT;
--
-- AUTO_INCREMENT for table `melhorias`
--
ALTER TABLE `melhorias`
  MODIFY `ID_MELHORIA` int(11) NOT NULL AUTO_INCREMENT;
--
-- AUTO_INCREMENT for table `memoria`
--
ALTER TABLE `memoria`
  MODIFY `ID_MEMORIA` int(11) NOT NULL AUTO_INCREMENT;
--
-- AUTO_INCREMENT for table `memoria_imagem`
--
ALTER TABLE `memoria_imagem`
  MODIFY `ID_MEMORIA_IMAGEM` int(11) NOT NULL AUTO_INCREMENT;
--
-- AUTO_INCREMENT for table `pergunta`
--
ALTER TABLE `pergunta`
  MODIFY `ID_PERGUNTA` int(11) NOT NULL AUTO_INCREMENT, AUTO_INCREMENT=609;
--
-- AUTO_INCREMENT for table `pergunta_quiz`
--
ALTER TABLE `pergunta_quiz`
  MODIFY `ID_PERGUNTA_QUIZ` int(11) NOT NULL AUTO_INCREMENT, AUTO_INCREMENT=21;
--
-- AUTO_INCREMENT for table `quiz`
--
ALTER TABLE `quiz`
  MODIFY `ID_QUIZ` int(11) NOT NULL AUTO_INCREMENT, AUTO_INCREMENT=2;
--
-- AUTO_INCREMENT for table `resposta`
--
ALTER TABLE `resposta`
  MODIFY `ID_RESPOSTA` int(11) NOT NULL AUTO_INCREMENT, AUTO_INCREMENT=2557;
--
-- AUTO_INCREMENT for table `resposta_usuario`
--
ALTER TABLE `resposta_usuario`
  MODIFY `ID_RESPOSTA_USUARIO` int(11) NOT NULL AUTO_INCREMENT;
--
-- AUTO_INCREMENT for table `tipo_usuario`
--
ALTER TABLE `tipo_usuario`
  MODIFY `ID_TIPO_USUARIO` int(11) NOT NULL AUTO_INCREMENT, AUTO_INCREMENT=4;
--
-- AUTO_INCREMENT for table `turma`
--
ALTER TABLE `turma`
  MODIFY `ID_TURMA` int(11) NOT NULL AUTO_INCREMENT, AUTO_INCREMENT=3;
--
-- AUTO_INCREMENT for table `turma_aluno`
--
ALTER TABLE `turma_aluno`
  MODIFY `ID_TURMA_ALUNO` int(11) NOT NULL AUTO_INCREMENT, AUTO_INCREMENT=3;
--
-- AUTO_INCREMENT for table `turma_quiz`
--
ALTER TABLE `turma_quiz`
  MODIFY `ID_TURMA_QUIZ` int(11) NOT NULL AUTO_INCREMENT, AUTO_INCREMENT=3;
--
-- AUTO_INCREMENT for table `usuario`
--
ALTER TABLE `usuario`
  MODIFY `ID_USUARIO` int(11) NOT NULL AUTO_INCREMENT, AUTO_INCREMENT=5;
--
-- Constraints for dumped tables
--

--
-- Limitadores para a tabela `imagem`
--
ALTER TABLE `imagem`
  ADD CONSTRAINT `imagem_ibfk_1` FOREIGN KEY (`ID_CATEGORIA`) REFERENCES `categoria` (`ID_CATEGORIA`) ON DELETE NO ACTION ON UPDATE NO ACTION;

--
-- Limitadores para a tabela `melhorias`
--
ALTER TABLE `melhorias`
  ADD CONSTRAINT `fk_melhoria_has_usuario` FOREIGN KEY (`ID_USUARIO`) REFERENCES `usuario` (`ID_USUARIO`) ON DELETE NO ACTION ON UPDATE NO ACTION;

--
-- Limitadores para a tabela `memoria`
--
ALTER TABLE `memoria`
  ADD CONSTRAINT `fk_memoria_usuario1` FOREIGN KEY (`ID_USUARIO`) REFERENCES `usuario` (`ID_USUARIO`) ON DELETE NO ACTION ON UPDATE NO ACTION;

--
-- Limitadores para a tabela `memoria_imagem`
--
ALTER TABLE `memoria_imagem`
  ADD CONSTRAINT `fk_imagem_has_memoria_imagem1` FOREIGN KEY (`ID_IMAGEM`) REFERENCES `imagem` (`ID_IMAGEM`) ON DELETE NO ACTION ON UPDATE NO ACTION,
  ADD CONSTRAINT `fk_imagem_has_memoria_memoria1` FOREIGN KEY (`ID_MEMORIA`) REFERENCES `memoria` (`ID_MEMORIA`) ON DELETE NO ACTION ON UPDATE NO ACTION;

--
-- Limitadores para a tabela `pergunta`
--
ALTER TABLE `pergunta`
  ADD CONSTRAINT `pergunta_ibfk_1` FOREIGN KEY (`ID_DISCIPLINA`) REFERENCES `disciplina` (`ID_DISCIPLINA`) ON DELETE NO ACTION ON UPDATE NO ACTION,
  ADD CONSTRAINT `pergunta_ibfk_2` FOREIGN KEY (`ID_CATEGORIA`) REFERENCES `categoria` (`ID_CATEGORIA`) ON DELETE NO ACTION ON UPDATE NO ACTION,
  ADD CONSTRAINT `pergunta_ibfk_3` FOREIGN KEY (`ID_USUARIO`) REFERENCES `usuario` (`ID_USUARIO`) ON DELETE NO ACTION ON UPDATE NO ACTION;

--
-- Limitadores para a tabela `pergunta_quiz`
--
ALTER TABLE `pergunta_quiz`
  ADD CONSTRAINT `fk_PERGUNTA_has_QUIZ_PERGUNTA1` FOREIGN KEY (`ID_PERGUNTA`) REFERENCES `pergunta` (`ID_PERGUNTA`) ON DELETE NO ACTION ON UPDATE NO ACTION,
  ADD CONSTRAINT `fk_PERGUNTA_has_QUIZ_QUIZ1` FOREIGN KEY (`ID_QUIZ`) REFERENCES `quiz` (`ID_QUIZ`) ON DELETE NO ACTION ON UPDATE NO ACTION,
  ADD CONSTRAINT `pergunta_quiz_ibfk_1` FOREIGN KEY (`ID_TURMA`) REFERENCES `turma` (`ID_TURMA`) ON DELETE NO ACTION ON UPDATE NO ACTION;

--
-- Limitadores para a tabela `quiz`
--
ALTER TABLE `quiz`
  ADD CONSTRAINT `quiz_ibfk_1` FOREIGN KEY (`ID_USUARIO`) REFERENCES `usuario` (`ID_USUARIO`) ON DELETE CASCADE ON UPDATE CASCADE;

--
-- Limitadores para a tabela `resposta`
--
ALTER TABLE `resposta`
  ADD CONSTRAINT `resposta_ibfk_1` FOREIGN KEY (`ID_PERGUNTA`) REFERENCES `pergunta` (`ID_PERGUNTA`) ON DELETE NO ACTION ON UPDATE NO ACTION;

--
-- Limitadores para a tabela `resposta_usuario`
--
ALTER TABLE `resposta_usuario`
  ADD CONSTRAINT `fk_resposta_usuario_resposta1` FOREIGN KEY (`ID_RESPOSTA`) REFERENCES `resposta` (`ID_RESPOSTA`) ON DELETE NO ACTION ON UPDATE NO ACTION,
  ADD CONSTRAINT `fk_resposta_usuario_usuario1` FOREIGN KEY (`ID_USUARIO`) REFERENCES `usuario` (`ID_USUARIO`) ON DELETE NO ACTION ON UPDATE NO ACTION;

--
-- Limitadores para a tabela `turma`
--
ALTER TABLE `turma`
  ADD CONSTRAINT `fk_TURMA_DISCIPLINA1` FOREIGN KEY (`ID_DISCIPLINA`) REFERENCES `disciplina` (`ID_DISCIPLINA`) ON DELETE NO ACTION ON UPDATE NO ACTION,
  ADD CONSTRAINT `fk_TURMA_USUARIO1` FOREIGN KEY (`ID_USUARIO`) REFERENCES `usuario` (`ID_USUARIO`) ON DELETE NO ACTION ON UPDATE NO ACTION;

--
-- Limitadores para a tabela `turma_aluno`
--
ALTER TABLE `turma_aluno`
  ADD CONSTRAINT `fk_TURMA_ALUNO_USUARIO1` FOREIGN KEY (`ID_USUARIO`) REFERENCES `usuario` (`ID_USUARIO`) ON DELETE NO ACTION ON UPDATE NO ACTION,
  ADD CONSTRAINT `fk_TURMA_has_ALUNO_TURMA1` FOREIGN KEY (`ID_TURMA`) REFERENCES `turma` (`ID_TURMA`) ON DELETE NO ACTION ON UPDATE NO ACTION;

--
-- Limitadores para a tabela `turma_quiz`
--
ALTER TABLE `turma_quiz`
  ADD CONSTRAINT `turma_quiz_ibfk_1` FOREIGN KEY (`ID_QUIZ`) REFERENCES `quiz` (`ID_QUIZ`) ON DELETE NO ACTION ON UPDATE NO ACTION,
  ADD CONSTRAINT `turma_quiz_ibfk_2` FOREIGN KEY (`ID_TURMA`) REFERENCES `turma` (`ID_TURMA`) ON DELETE NO ACTION ON UPDATE NO ACTION;

--
-- Limitadores para a tabela `usuario`
--
ALTER TABLE `usuario`
  ADD CONSTRAINT `usuario_ibfk_1` FOREIGN KEY (`ID_TIPO_USUARIO`) REFERENCES `tipo_usuario` (`ID_TIPO_USUARIO`) ON DELETE NO ACTION ON UPDATE NO ACTION;

/*!40101 SET CHARACTER_SET_CLIENT=@OLD_CHARACTER_SET_CLIENT */;
/*!40101 SET CHARACTER_SET_RESULTS=@OLD_CHARACTER_SET_RESULTS */;
/*!40101 SET COLLATION_CONNECTION=@OLD_COLLATION_CONNECTION */;
